De ref,school name,town,postcode,management type,constituency,Urban/ Rural     ,total enrolment,Latitude,Longitude
1010012,"Belmont Primary School, Belfast",Belfast,BT4 2AG,Controlled,Belfast East,URBAN,245.0,54.598815,-5.867075
1010063,"Currie Primary School, Belfast",Belfast,BT15 3AB,Controlled,Belfast North,URBAN,192.0,54.615987,-5.930782
1010146,"Euston Street Primary School, Belfast",Belfast,BT6 9AG,Controlled,Belfast East,URBAN,363.0,54.588914,-5.898412
1010157,Rosetta Primary School,Belfast,BT6 0JA,Controlled,Belfast South,URBAN,310.0,54.570179,-5.91184
1010205,"Forth River Primary School, Belfast",Belfast,BT13 3PQ,Controlled,Belfast West,URBAN,212.0,54.61246,-5.969755
1010221,"Springfield Primary School, Belfast",Belfast,BT12 7DJ,Controlled,Belfast West,URBAN,177.0,54.601149,-5.969327
1010252,"Strandtown Primary School, Belfast",Belfast,BT4 3DJ,Controlled,Belfast East,URBAN,979.0,54.597401,-5.875551
1010255,"Elmgrove Primary School, Belfast",Belfast,BT5 4RS,Controlled,Belfast East,URBAN,612.0,54.591444,-5.893547
1010266,"Seaview Primary School, Belfast",Belfast,BT15 3NB,Controlled,Belfast North,URBAN,448.0,54.626744,-5.927231
1010267,"Nettlefield Primary School, Belfast",Belfast,BT6 8BG,Controlled,Belfast South,URBAN,413.0,54.592931,-5.906235
1010273,"Orangefield Primary School, Belfast",Belfast,BT5 6BA,Controlled,Belfast East,URBAN,460.0,54.58303,-5.879935
1010282,"Carr's Glen Primary School, Belfast",Belfast,BT14 6QX,Controlled,Belfast North,URBAN,340.0,54.62434,-5.961854
1010301,"Taughmonagh Primary School, Belfast",Belfast,BT9 6QL,Controlled,Belfast South,URBAN,264.0,54.559872,-5.967716
1010304,"Greenwood Primary School, Belfast",Belfast,BT4 3HS,Controlled,Belfast East,URBAN,294.0,54.59561,-5.861099
1010307,"Springhill Primary School, Belfast",Belfast,BT13 3NH,Controlled,Belfast West,URBAN,195.0,54.605993,-5.978496
1010323,"Edenbrooke Primary School, Belfast",Belfast,BT13 3GG,Controlled,Belfast North,URBAN,367.0,54.609933,-5.953627
1010324,"Stranmillis Primary School, Belfast",Belfast,BT9 5EH,Controlled,Belfast South,URBAN,466.0,54.567386,-5.937621
1010325,"Ligoniel Primary School, Belfast",Belfast,BT14 8BW,Controlled,Belfast North,URBAN,197.0,54.62425,-5.978984
1010806,"Finaghy Primary School, Belfast",Belfast,BT10 0DR,Controlled,Belfast South,URBAN,383.0,54.560269,-5.983898
1010831,"Cavehill Primary School, Belfast",Belfast,BT15 5FG,Controlled,Belfast North,URBAN,402.0,54.635449,-5.947218
1013018,"Knocknagoney Primary School, Belfast",Belfast,BT4 2NR,Controlled,Belfast East,URBAN,249.0,54.618774,-5.85352
1016059,"Black Mountain Primary School, Belfast",Belfast,BT13 3TT,Controlled,Belfast West,URBAN,182.0,54.600382,-5.978248
1016060,"Donegall Road Primary School, Belfast",Belfast,BT12 6HE,Controlled,Belfast South,URBAN,209.0,54.589134,-5.95317
1016076,Ballysillan Primary School,Belfast,BT14 8LT,Controlled,Belfast North,URBAN,223.0,54.630789,-5.969197
1016205,"Fane Street Primary School, Belfast",Belfast,BT9 7BW,Controlled,Belfast South,URBAN,309.0,54.585229,-5.951262
1016207,"Blythefield Primary School, Belfast",Belfast,BT12 5HX,Controlled,Belfast South,URBAN,192.0,54.590606,-5.940935
1016242,"Dundela Infants Primary School, Belfast",Belfast,BT4 3BL,Controlled,Belfast East,URBAN,282.0,54.599769,-5.876341
1016485,"Glenwood Primary School, Belfast",Belfast,BT13 3GW,Controlled,Belfast North,URBAN,508.0,54.605844,-5.956231
1016498,"Malvern Primary School, Belfast",Belfast,BT13 1HW,Controlled,Belfast West,URBAN,164.0,54.606006,-5.944089
1016499,"Botanic Primary School, Belfast",Belfast,BT7 1QY,Controlled,Belfast South,URBAN,210.0,54.582133,-5.929312
1016532,"Wheatfield Primary School, Belfast",Belfast,BT14 7JE,Controlled,Belfast North,URBAN,176.0,54.61958,-5.963036
1016537,"Lowwood Primary School, Belfast",Belfast,BT15 4BL,Controlled,Belfast North,URBAN,243.0,54.634469,-5.924499
1016647,"Bunscoil Mhic Reachtain, Belfast",Belfast,BT15 1EZ,Controlled,Belfast North,URBAN,50.0,54.606314,-5.929988
1016655,Victoria Park Primary School,Belfast,BT4 1LX,Controlled,Belfast East,URBAN,373.0,54.604443,-5.882118
1030194,"Holy Cross Boys' Primary School, Belfast",Belfast,BT14 7EX,Catholic Maintained,Belfast North,URBAN,397.0,54.613824,-5.95902
1030313,"Our Lady of Lourdes Primary School, Belfast",Belfast,BT15 5GQ,Catholic Maintained,Belfast North,URBAN,623.0,54.645265,-5.936343
1030326,"Our Lady's Primary School, Belfast",Belfast,BT14 6NN,Catholic Maintained,Belfast North,URBAN,193.0,54.622333,-5.954723
1030327,"Holy Rosary Primary School, Belfast",Belfast,BT7 3DB,Catholic Maintained,Belfast South,URBAN,470.0,54.575726,-5.924069
1030331,"Holy Cross Girls' Primary School, Belfast",Belfast,BT14 7HZ,Catholic Maintained,Belfast North,URBAN,192.0,54.619665,-5.968111
1030868,"St Anne's Primary School, Belfast",Belfast,BT10 0NE,Catholic Maintained,Belfast South,URBAN,887.0,54.553711,-5.99478
1036041,"Mercy Primary School, Belfast",Belfast,BT14 7GL,Catholic Maintained,Belfast North,URBAN,241.0,54.616832,-5.970079
1036042,St Vincent de Paul Primary School,Belfast,BT14 8DP,Catholic Maintained,Belfast North,URBAN,288.0,54.626198,-5.98375
1036048,"St Mary's Star of the Sea Primary School, Belfast",Belfast,BT15 4HL,Catholic Maintained,Belfast North,URBAN,138.0,54.64153,-5.92493
1036075,"St Bride's Primary School, Belfast",Belfast,BT9 6FP,Catholic Maintained,Belfast South,URBAN,838.0,54.578167,-5.943836
1036132,"St Therese of Lisieux Primary School, Belfast",Belfast,BT15 5GF,Catholic Maintained,Belfast North,URBAN,424.0,54.630367,-5.938957
1036140,"St Michael's Primary School, Belfast",Belfast,BT6 0BW,Catholic Maintained,Belfast South,URBAN,417.0,54.579297,-5.91224
1036246,"St Joseph's Primary School, Holland Dr",Belfast,BT5 6EH,Catholic Maintained,Belfast East,URBAN,377.0,54.594685,-5.870834
1036388,"St Mary's Primary School, Belfast",Belfast,BT12 4AL,Catholic Maintained,Belfast West,URBAN,132.0,54.599591,-5.938794
1036466,"St Malachy's Primary School, Belfast",Belfast,BT7 2BJ,Catholic Maintained,Belfast South,URBAN,391.0,54.593294,-5.923624
1036471,"Sacred Heart Primary School, Belfast",Belfast,BT14 6HH,Catholic Maintained,Belfast North,URBAN,156.0,54.616187,-5.949969
1036505,"St Matthew's Primary School, Belfast",Belfast,BT5 4EW,Catholic Maintained,Belfast East,URBAN,346.0,54.599014,-5.906743
1036565,St Kevin's Primary School,Belfast,BT12 6EN,Catholic Maintained,Belfast West,URBAN,566.0,54.588061,-5.97004
1036566,"Holy Family Primary School, Belfast",Belfast,BT15 2HP,Catholic Maintained,Belfast North,URBAN,486.0,54.615547,-5.935015
1036576,"Holy Child Primary School, Belfast",Belfast,BT11 8JF,Catholic Maintained,Belfast West,URBAN,457.0,54.576323,-5.991334
1036589,"St Teresa's Primary School, Belfast",Belfast,BT11 8BL,Catholic Maintained,Belfast West,URBAN,610.0,54.581356,-5.989771
1036602,"St Oliver Plunkett Primary School, Belfast",Belfast,BT11 8AY,Catholic Maintained,Belfast West,URBAN,633.0,54.576265,-6.013392
1036620,"St Peter's Primary School, Belfast",Belfast,BT12 4JD,Catholic Maintained,Belfast West,URBAN,283.0,54.597812,-5.947287
1036621,"St Joseph's Primary School, Slate",Belfast,BT12 4LD,Catholic Maintained,Belfast West,URBAN,325.0,54.595862,-5.946689
1036623,"Holy Trinity Primary School, Belfast",Belfast,BT11 8EG,Catholic Maintained,Belfast West,URBAN,645.0,54.587676,-5.992709
1036624,"St Paul's Primary School, Belfast",Belfast,BT12 7NN,Catholic Maintained,Belfast West,URBAN,336.0,54.595691,-5.967959
1036630,"St Clare's Primary School, Belfast",Belfast,BT13 2SE,Catholic Maintained,Belfast West,URBAN,460.0,54.601173,-5.959514
1036688,"St John the Baptist Primary School, Belfast",Belfast,BT11 9EH,Catholic Maintained,Belfast West,URBAN,401.0,54.571853,-5.994307
1036697,"John Paul II Primary School, Belfast",Belfast,BT12 7FW,Catholic Maintained,Belfast West,URBAN,319.0,54.594043,-5.987119
1036698,"St Patrick's Primary School, Belfast",Belfast,BT15 2BN,Catholic Maintained,Belfast North,URBAN,428.0,54.608719,-5.935578
1046501,Bunscoil Phobal Feirste,Belfast,BT11 9QS,Other Maintained,Belfast West,URBAN,421.0,54.574239,-6.004938
1046571,"Gaelscoil Na Bhfal, Belfast",Belfast,BT12 6AW,Other Maintained,Belfast West,URBAN,216.0,54.590618,-5.96176
1046593,"Bunscoil an Tsleibhe Dhuibh, Belfast",Belfast,BT12 7JL,Other Maintained,Belfast West,URBAN,220.0,54.592225,-5.980463
1046596,Bunscoil Bheann Mhadagain,Belfast,BT14 6LA,Other Maintained,Belfast North,URBAN,199.0,54.616419,-5.945081
1046641,"Scoil an Droichid, Belfast",Belfast,BT7 2EP,Other Maintained,Belfast South,URBAN,191.0,54.588406,-5.922093
1046671,"Gaelscoil na Mona, Belfast",Belfast,BT11 8QB,Other Maintained,Belfast West,URBAN,113.0,54.586173,-5.993123
1046672,"Gaelscoil an Lonnain, Belfast",Belfast,BT12 4PD,Other Maintained,Belfast West,URBAN,46.0,54.598146,-5.952671
1050232,"Harding Memorial Integrated Primary School, Belfast",Belfast,BT6 8PZ,Controlled Integrated,Belfast South,URBAN,218.0,54.582608,-5.89852
1056483,"Cliftonville Integrated Primary School, Belfast",Belfast,BT14 6JQ,Controlled Integrated,Belfast North,URBAN,408.0,54.617719,-5.946517
1056535,"Forge Integrated Primary School, Belfast",Belfast,BT7 3HE,Controlled Integrated,Belfast South,URBAN,394.0,54.571426,-5.914854
1066531,"Hazelwood Integrated Primary School, Newtownabbey",Newtownabbey,BT36 7EN,GMI,Belfast North,URBAN,450.0,54.653708,-5.930399
1066580,"Cranmore Integrated Primary School, Belfast",Belfast,BT10 0JB,GMI,Belfast South,URBAN,233.0,54.567245,-5.9836
1620022,"Fullerton House Preparatory School, Belfast",Belfast,BT9 6BY,Voluntary,Belfast South,URBAN,142.0,54.582564,-5.938247
1620027,Inchmarlo,Belfast,BT9 6JR,Voluntary,Belfast South,URBAN,110.0,54.571507,-5.952244
1620028,Ben Madigan Preparatory School,Belfast,BT15 5GP,Voluntary,Belfast North,URBAN,104.0,54.642463,-5.936423
1620089,"Strathearn Preparatory School, Belfast",Belfast,BT4 2AU,Voluntary,Belfast East,URBAN,131.0,54.601525,-5.860742
1620264,"Victoria College Prep Department, Belfast",Belfast,BT9 6JA,Voluntary,Belfast South,URBAN,136.0,54.572426,-5.950249
2010380,Londonderry Model Primary School,Londonderry,BT48 7HJ,Controlled,Foyle,URBAN,281.0,55.001857,-7.327068
2010382,Ebrington Primary School,Londonderry,BT47 6LR,Controlled,Foyle,URBAN,480.0,55.00355,-7.294566
2011787,Kesh Primary School,Kesh,BT93 1RF,Controlled,Fermanagh And South Tyrone,RURAL,244.0,54.5185,-7.724128
2011789,"Moat Primary School, Lisnaskea",Lisnaskea,BT92 0JH,Controlled,Fermanagh And South Tyrone,RURAL,135.0,54.250571,-7.441829
2011860,Belleek No 2 Primary School,Belleek,BT93 3EZ,Controlled,Fermanagh And South Tyrone,RURAL,32.0,54.478584,-8.088848
2011873,"Aghadrumsee Primary School, Roslea",Rosslea,BT92 7AU,Controlled,Fermanagh And South Tyrone,RURAL,31.0,54.228318,-7.273448
2011879,Newtownbutler Primary School,Newtownbutler,BT92 8JE,Controlled,Fermanagh And South Tyrone,RURAL,30.0,54.184655,-7.363636
2011881,Florencecourt Primary School,Enniskillen,BT92 1BZ,Controlled,Fermanagh And South Tyrone,RURAL,140.0,54.267656,-7.705226
2011893,Ballinamallard Primary School,Ballinamallard,BT94 2NY,Controlled,Fermanagh And South Tyrone,RURAL,153.0,54.423759,-7.595463
2011894,Brookeborough Primary School,Brookeborough,BT94 4EZ,Controlled,Fermanagh And South Tyrone,RURAL,64.0,54.315124,-7.405276
2011899,Derrygonnelly Primary School,Derrygonnelly,BT93 6HY,Controlled,Fermanagh And South Tyrone,RURAL,57.0,54.418231,-7.814745
2012052,Culmore Primary School,Londonderry,BT48 8JH,Controlled,Foyle,RURAL,55.0,55.047404,-7.2733
2012095,Ballougry Primary School,Londonderry,BT48 9XN,Controlled,Foyle,RURAL,38.0,54.973231,-7.381453
2012227,Drumahoe Primary School,Londonderry,BT47 3SD,Controlled,Foyle,URBAN,277.0,54.978992,-7.274787
2012245,Eglinton Primary School,Londonderry,BT47 3AH,Controlled,Foyle,RURAL,204.0,55.022296,-7.181148
2012261,Newbuildings Primary School,New Buildings,BT47 2RL,Controlled,Foyle,RURAL,183.0,54.959422,-7.358562
2012298,Ballykelly Primary School,Ballykelly,BT49 9JS,Controlled,East Londonderry,RURAL,293.0,55.036151,-7.018907
2012344,"McClintock Primary School, Seskinore",Omagh,BT78 1UQ,Controlled,West Tyrone,RURAL,119.0,54.516792,-7.252568
2012638,"Edwards Primary School, Castlederg",Castlederg,BT81 7HY,Controlled,West Tyrone,RURAL,249.0,54.712165,-7.587335
2012641,"Killen Primary School, Castlederg",Killen,BT81 7SD,Controlled,West Tyrone,RURAL,140.0,54.676376,-7.62298
2012648,"Gillygooley Primary School, Omagh",Omagh,BT78 5PX,Controlled,West Tyrone,RURAL,19.0,54.611252,-7.386787
2012660,"Denamona Primary School, Fintona",Fintona,BT78 2BN,Controlled,West Tyrone,RURAL,78.0,54.497618,-7.312571
2012669,"Queen Elizabeth II Primary School, Kilskeery",Trillick,BT78 3RJ,Controlled,West Tyrone,RURAL,38.0,54.442087,-7.538532
2012671,"Langfield Primary School, Drumquin",Drumquin,BT78 4PG,Controlled,West Tyrone,RURAL,18.0,54.616985,-7.493971
2012691,Omagh County Primary School,Omagh,BT79 0AJ,Controlled,West Tyrone,URBAN,376.0,54.600998,-7.292169
2012707,"Dromore Primary School, Tyrone",Dromore,BT78 3EE,Controlled,West Tyrone,RURAL,38.0,54.510784,-7.454496
2012708,Strabane Primary School,Strabane,BT82 8DX,Controlled,West Tyrone,URBAN,272.0,54.83205,-7.461078
2012711,"Donemana Primary School, Strabane",Dunnamanagh,BT82 0PH,Controlled,West Tyrone,RURAL,101.0,54.877979,-7.302308
2016003,"Jones Memorial Primary School, Enniskillen",Enniskillen,BT74 5QF,Controlled,Fermanagh And South Tyrone,URBAN,136.0,54.328868,-7.656817
2016029,"Drumachose Primary School, Limavady",Limavady,BT49 0BS,Controlled,East Londonderry,URBAN,410.0,55.051176,-6.94439
2016068,"Artigarvan Primary School, Strabane",Artigarvan,BT82 0HN,Controlled,West Tyrone,RURAL,170.0,54.855847,-7.407479
2016071,Greenhaw Primary School,Londonderry,BT48 8BA,Controlled,Foyle,URBAN,321.0,55.021889,-7.317524
2016089,"Gibson Primary School, Omagh",Omagh,BT79 7EG,Controlled,West Tyrone,URBAN,303.0,54.604154,-7.29572
2016102,Tempo Primary School,Tempo,BT94 3LU,Controlled,Fermanagh And South Tyrone,RURAL,84.0,54.377149,-7.461287
2016124,"Ashlea S, Tullyally",Londonderry,BT47 3QT,Controlled,Foyle,URBAN,101.0,54.973507,-7.287503
2016127,Maguiresbridge Primary School,Maguiresbridge,BT94 4PJ,Controlled,Fermanagh And South Tyrone,RURAL,122.0,54.301344,-7.481555
2016151,Irvinestown Primary School,Irvinestown,BT94 1DY,Controlled,Fermanagh And South Tyrone,RURAL,173.0,54.472202,-7.642599
2016152,Enniskillen Model Primary School,Enniskillen,BT74 6HZ,Controlled,Fermanagh And South Tyrone,URBAN,426.0,54.341467,-7.62221
2016184,"Lack Primary School, Enniskillen",Lack,BT93 0BU,Controlled,Fermanagh And South Tyrone,RURAL,22.0,54.546551,-7.579352
2016203,Lisnagelvin Primary School,Londonderry,BT47 5QZ,Controlled,Foyle,URBAN,572.0,54.99271,-7.290194
2016218,Lisbellaw Primary School,Lisbellaw,BT94 5BF,Controlled,Fermanagh And South Tyrone,RURAL,199.0,54.313563,-7.541601
2016262,Newtownstewart Model Primary School,Newtownstewart,BT78 4EX,Controlled,West Tyrone,RURAL,70.0,54.717583,-7.393252
2016372,Cumber Claudy Primary School,Claudy,BT47 4HX,Controlled,East Londonderry,RURAL,147.0,54.911407,-7.16597
2016395,"Gortin Primary School, Omagh",Gortin,BT79 8NJ,Controlled,West Tyrone,RURAL,63.0,54.719246,-7.23623
2016426,Limavady Central Primary School,Limavady,BT49 0NB,Controlled,East Londonderry,URBAN,316.0,55.040775,-6.937312
2016564,"Fountain Primary School, Londonderry",Londonderry,BT48 6RE,Controlled,Foyle,URBAN,77.0,54.992945,-7.320312
2016645,"Bready Jubilee Primary School, Strabane",Bready,BT82 0DN,Controlled,West Tyrone,RURAL,121.0,54.922304,-7.424609
2016656,"Drumrane Primary School, Dungiven",Dungiven,BT47 4NL,Controlled,East Londonderry,RURAL,141.0,54.969592,-6.939161
2016663,"Cooley Primary School, Sixmilecross",Sixmilecross,BT79 9DH,Controlled,West Tyrone,RURAL,90.0,54.556212,-7.124179
2016700,"Gaelscoil Neachtain, Dungiven",Dungiven,BT47 4RF,Controlled,East Londonderry,RURAL,154.0,54.960912,-6.920609
2016701,Ardstraw Jubilee Primary School,Newtownstewart,BT78 4LA,Controlled,West Tyrone,RURAL,88.0,54.730514,-7.437064
2030364,Rosemount Primary School,Londonderry,BT48 9DD,Catholic Maintained,Foyle,URBAN,375.0,55.00123,-7.333908
2030373,Nazareth House Primary School,Londonderry,BT48 6UN,Catholic Maintained,Foyle,URBAN,228.0,54.990118,-7.328968
2030381,"Holy Child Primary School, Derry",Londonderry,BT48 9QQ,Catholic Maintained,Foyle,URBAN,324.0,54.995642,-7.345406
2031828,"St Patrick's Primary School, Mullanaskea",Tempo,BT94 3AD,Catholic Maintained,Fermanagh And South Tyrone,RURAL,175.0,54.354685,-7.561968
2031863,"Tattygar Primary School, Lisbellaw",Lisbellaw,BT94 5GT,Catholic Maintained,Fermanagh And South Tyrone,RURAL,59.0,54.323129,-7.534164
2031868,"St Tierney's Primary School, Roslea",Rosslea,BT92 7JS,Catholic Maintained,Fermanagh And South Tyrone,RURAL,120.0,54.244237,-7.179598
2031869,"St Mary's Primary School, Newtownbutler",Newtownbutler,BT92 8JJ,Catholic Maintained,Fermanagh And South Tyrone,RURAL,176.0,54.176603,-7.361462
2031874,"St Patrick's Primary School, Derrygonnelly",Derrygonnelly,BT93 6LR,Catholic Maintained,Fermanagh And South Tyrone,RURAL,129.0,54.423359,-7.825537
2031876,"St Mary's Primary School, Brookeborough",Brookeborough,BT94 4HY,Catholic Maintained,Fermanagh And South Tyrone,RURAL,65.0,54.31662,-7.402704
2031880,"St Ninnidh's Primary School, Derrylin",Derrylin,BT92 9JZ,Catholic Maintained,Fermanagh And South Tyrone,RURAL,143.0,54.195598,-7.586252
2031884,"St Mary's Primary School, Killesher",Enniskillen,BT92 3ET,Catholic Maintained,Fermanagh And South Tyrone,RURAL,86.0,54.255454,-7.69017
2031887,"St John the Baptist Primary School, Roscor",Belleek,BT93 3DP,Catholic Maintained,Fermanagh And South Tyrone,RURAL,22.0,54.466277,-8.0356
2031890,"St Mary's Primary School, Mullymesker",Bellanaleck,BT92 2AB,Catholic Maintained,Fermanagh And South Tyrone,RURAL,136.0,54.290964,-7.669003
2031895,"St Mary's Primary School, Maguiresbridge",Maguiresbridge,BT94 4RG,Catholic Maintained,Fermanagh And South Tyrone,RURAL,157.0,54.289934,-7.464837
2031897,"Killyhommon Primary School, Enniskillen",Enniskillen,BT74 8BZ,Catholic Maintained,Fermanagh And South Tyrone,RURAL,72.0,54.363873,-7.803884
2031898,"St Paul's Primary School, Irvinestown",Irvinestown,BT94 1EY,Catholic Maintained,Fermanagh And South Tyrone,RURAL,232.0,54.474003,-7.646918
2031901,"St Ronan's Primary School, Lisnaskea",Lisnaskea,BT92 0LA,Catholic Maintained,Fermanagh And South Tyrone,RURAL,355.0,54.260906,-7.452585
2032212,Glendermott Primary School,Londonderry,BT47 3QZ,Catholic Maintained,Foyle,RURAL,199.0,54.965896,-7.266061
2032263,"St Canice's Primary School, Feeny",Feeny,BT47 4TW,Catholic Maintained,East Londonderry,RURAL,96.0,54.8857,-7.015088
2032278,"Broadbridge Primary School, Eglinton",Londonderry,BT47 3PG,Catholic Maintained,Foyle,RURAL,403.0,55.027708,-7.179036
2032286,"St Matthew's Primary School, Drumsurn",Limavady,BT49 0PX,Catholic Maintained,East Londonderry,RURAL,108.0,54.985183,-6.856552
2032287,"Termoncanice Primary School, Limavady",Limavady,BT49 9BH,Catholic Maintained,East Londonderry,URBAN,502.0,55.046781,-6.951358
2032294,"St Mary's Primary School, Altinure",Claudy,BT47 4DP,Catholic Maintained,East Londonderry,RURAL,124.0,54.867191,-7.077576
2032573,"St Brigid's Primary School, Altamuskin",Sixmilecross,BT79 9JA,Catholic Maintained,West Tyrone,RURAL,48.0,54.524815,-7.085406
2032603,"Tummery Primary School, Dromore",Dromore,BT78 3JZ,Catholic Maintained,West Tyrone,RURAL,40.0,54.494715,-7.522985
2032607,"St Mary's Primary School, Killyclogher",Omagh,BT79 7LT,Catholic Maintained,West Tyrone,URBAN,332.0,54.60895,-7.269869
2032628,"Knocknagor Primary School, Trillick",Trillick,BT78 3TX,Catholic Maintained,West Tyrone,RURAL,49.0,54.492553,-7.554537
2032662,"St Brigid's Primary School, Mountfield",Mountfield,BT79 7PT,Catholic Maintained,West Tyrone,RURAL,62.0,54.651132,-7.172937
2032676,"St Patrick's Primary School, Gortin",Gortin,BT79 8PU,Catholic Maintained,West Tyrone,RURAL,84.0,54.716106,-7.228345
2032682,"St Eugene's Primary School, Victoria Bridge",Victoria Bridge,BT82 9JH,Catholic Maintained,West Tyrone,RURAL,73.0,54.759388,-7.457354
2032684,"St Lawrence's Primary School, Fintona",Fintona,BT78 2NR,Catholic Maintained,West Tyrone,RURAL,237.0,54.493603,-7.323812
2032685,"St Brigid's Primary School, Cranagh",Plumbridge,BT79 8LR,Catholic Maintained,West Tyrone,RURAL,25.0,54.780986,-7.08428
2032688,"St Eugene's Primary School, Tircur",Omagh,BT79 7SN,Catholic Maintained,West Tyrone,RURAL,18.0,54.676899,-7.283284
2032694,"St Caireall's Primary School, Castlederg",Castlederg,BT81 7XF,Catholic Maintained,West Tyrone,RURAL,133.0,54.689938,-7.70262
2032700,"St Joseph's Primary School, Drumquin",Drumquin,BT78 4QY,Catholic Maintained,West Tyrone,RURAL,144.0,54.611889,-7.488989
2032704,"St Ronan's Primary School, Recarson",Omagh,BT79 0NE,Catholic Maintained,West Tyrone,RURAL,117.0,54.595891,-7.235386
2032705,"St Patrick's Primary School, Eskra",Omagh,BT78 2RJ,Catholic Maintained,West Tyrone,RURAL,112.0,54.484556,-7.201639
2032721,"Sacred Heart Primary School, Tattyreagh",Omagh,BT78 1LA,Catholic Maintained,West Tyrone,RURAL,82.0,54.537255,-7.294308
2032723,"Roscavey Primary School, Beragh",Beragh,BT79 0RE,Catholic Maintained,West Tyrone,RURAL,53.0,54.508016,-7.161058
2032730,"St Columba's Primary School, Clady",Clady,BT82 9QY,Catholic Maintained,West Tyrone,RURAL,93.0,54.793982,-7.530534
2032731,"St Teresa's Primary School, Loughmacrory",Loughmacrory,BT79 9LG,Catholic Maintained,West Tyrone,RURAL,182.0,54.627131,-7.10262
2032737,"St Colmcille's Primary School, Carrickmore",Sixmilecross,BT79 9BE,Catholic Maintained,West Tyrone,RURAL,415.0,54.598316,-7.035423
2033706,"Faughanvale Primary School, Greysteel",Greysteel,BT47 3EE,Catholic Maintained,East Londonderry,RURAL,165.0,55.025393,-7.10922
2033708,"St Aidan's Primary School, Limavady",Limavady,BT49 0LL,Catholic Maintained,East Londonderry,RURAL,60.0,55.151115,-6.90718
2036008,"St Patrick's Primary School, Newtownstewart",Newtownstewart,BT78 4AQ,Catholic Maintained,West Tyrone,RURAL,100.0,54.715358,-7.379801
2036032,"St John's Primary School, Bligh's Lane",Londonderry,BT48 9PJ,Catholic Maintained,Foyle,URBAN,415.0,54.995505,-7.338315
2036045,"St Canice Primary School, Dungiven",Dungiven,BT47 4SE,Catholic Maintained,East Londonderry,RURAL,281.0,54.922312,-6.91358
2036069,"St Anne's Primary School, Londonderry",Londonderry,BT48 0EY,Catholic Maintained,Foyle,URBAN,340.0,55.005322,-7.333246
2036070,"St Joseph's Primary School, Ederney",Ederney,BT93 0HA,Catholic Maintained,Fermanagh And South Tyrone,RURAL,143.0,54.53127,-7.658811
2036082,"St Colmcille's Primary School, Claudy",Claudy,BT47 4HR,Catholic Maintained,East Londonderry,RURAL,252.0,54.912439,-7.156686
2036084,"Steelstown Primary School, Londonderry",Londonderry,BT48 8EX,Catholic Maintained,Foyle,URBAN,474.0,55.027308,-7.308315
2036085,"St Peter's & St Paul's Primary School, Dungiven",Dungiven,BT47 4PJ,Catholic Maintained,East Londonderry,RURAL,53.0,54.92985,-7.030482
2036090,"St Naile's Primary School, Kinawley",Kinawley,BT92 4FJ,Catholic Maintained,Fermanagh And South Tyrone,RURAL,105.0,54.226683,-7.645845
2036094,"St Patrick's Primary School, Castlederg",Castlederg,BT81 7EE,Catholic Maintained,West Tyrone,RURAL,308.0,54.716013,-7.596249
2036095,"St Mary's Primary School, Cloughcor",Strabane,BT82 0BE,Catholic Maintained,West Tyrone,RURAL,140.0,54.88006,-7.415771
2036097,"St Peter's Primary School, Plumbridge",Plumbridge,BT79 8AF,Catholic Maintained,West Tyrone,RURAL,79.0,54.768753,-7.253756
2036105,"St Martin's Primary School, Garrison",Garrison,BT93 4AE,Catholic Maintained,Fermanagh And South Tyrone,RURAL,107.0,54.419779,-8.088937
2036107,"St Joseph's Primary School, Donagh",Lisnaskea,BT92 5BE,Catholic Maintained,Fermanagh And South Tyrone,RURAL,69.0,54.216796,-7.390917
2036116,"St Conor's Primary School, Omagh",Omagh,BT78 5JQ,Catholic Maintained,West Tyrone,URBAN,443.0,54.598425,-7.324659
2036142,"St Brigid's Primary School, Carnhill",Londonderry,BT48 8BZ,Catholic Maintained,Foyle,URBAN,396.0,55.024672,-7.317226
2036143,"St Oliver Plunkett Primary School, Strathfoyle",Londonderry,BT47 6XA,Catholic Maintained,Foyle,RURAL,166.0,55.031244,-7.268792
2036149,"St Finlough's Primary School, Sistrakeel",Ballykelly,BT49 9JL,Catholic Maintained,East Londonderry,RURAL,59.0,55.012921,-7.039123
2036153,"St Scire's Primary School, Trillick",Trillick,BT78 3RB,Catholic Maintained,West Tyrone,RURAL,135.0,54.44771,-7.489048
2036181,"St Mary's Primary School, Teemore",Derrylin,BT92 9QF,Catholic Maintained,Fermanagh And South Tyrone,RURAL,143.0,54.154498,-7.525775
2036187,"St John's Primary School, Dernaflaw",Dungiven,BT47 4PN,Catholic Maintained,East Londonderry,RURAL,167.0,54.924055,-6.967172
2036213,"St Columban's Primary School, Belcoo",Belcoo,BT93 5DS,Catholic Maintained,Fermanagh And South Tyrone,RURAL,94.0,54.3074,-7.895129
2036227,"St Paul's Primary School, Slievemore",Londonderry,BT48 8QZ,Catholic Maintained,Foyle,URBAN,218.0,55.04889,-7.263448
2036247,"St Columba's Primary School, Newbuildings",New Buildings,BT47 2QS,Catholic Maintained,Foyle,RURAL,41.0,54.957264,-7.358034
2036258,"St Davog's Primary School, Belleek",Belleek,BT93 3FJ,Catholic Maintained,Fermanagh And South Tyrone,RURAL,105.0,54.481322,-8.090659
2036259,"Sacred Heart Primary School, Trench Road",Londonderry,BT47 2DT,Catholic Maintained,Foyle,URBAN,424.0,54.985033,-7.307949
2036288,"Good Shepherd Primary School, Derry",Londonderry,BT47 6BW,Catholic Maintained,Foyle,URBAN,437.0,54.993609,-7.309067
2036291,"St Oliver Plunkett Primary School, Beragh",Sixmilecross,BT79 0TH,Catholic Maintained,West Tyrone,RURAL,140.0,54.544478,-7.171157
2036356,"St Mary's Primary School, Tempo",Tempo,BT94 3HU,Catholic Maintained,Fermanagh And South Tyrone,RURAL,146.0,54.385507,-7.466087
2036415,"Our Lady of Lourdes Primary School, Greencastle",Greencastle,BT79 7QP,Catholic Maintained,West Tyrone,RURAL,115.0,54.692109,-7.087182
2036449,"Christ the King Primary School, Omagh",Omagh,BT79 7HX,Catholic Maintained,West Tyrone,URBAN,196.0,54.613757,-7.300491
2036458,"St Mary's Primary School, Gortnaghey",Dungiven,BT47 4PZ,Catholic Maintained,East Londonderry,RURAL,76.0,54.956429,-6.97026
2036459,"St Theresa's Primary School, Glebe",Sion Mills,BT82 9NZ,Catholic Maintained,West Tyrone,RURAL,81.0,54.786624,-7.49033
2036461,"St Therese Primary School, Lenamore",Londonderry,BT48 8NX,Catholic Maintained,Foyle,URBAN,354.0,55.032088,-7.324654
2036465,"Chapel Road Primary School, Londonderry",Londonderry,BT47 2BD,Catholic Maintained,Foyle,URBAN,193.0,54.990062,-7.307753
2036472,"Holy Family Primary School, Derry",Londonderry,BT48 0AZ,Catholic Maintained,Foyle,URBAN,520.0,55.018162,-7.345367
2036473,"St Eithne's Primary School, Londonderry",Londonderry,BT48 0LT,Catholic Maintained,Foyle,URBAN,311.0,55.013553,-7.353712
2036475,Longtower Primary School,Londonderry,BT48 6QQ,Catholic Maintained,Foyle,URBAN,290.0,54.993057,-7.327653
2036533,"Hollybush Primary School, Culmore",Londonderry,BT48 8JN,Catholic Maintained,Foyle,RURAL,428.0,55.051981,-7.269556
2036555,"St Eugene's Primary School, Derry",Londonderry,BT48 7DS,Catholic Maintained,Foyle,URBAN,199.0,54.999738,-7.327291
2036557,"All Saint's Primary School, Tattysallagh",Omagh,BT78 5BR,Catholic Maintained,West Tyrone,RURAL,102.0,54.560881,-7.411751
2036574,"Bunscoil Cholmcille, Derry",Londonderry,BT48 8EX,Catholic Maintained,Foyle,URBAN,151.0,55.027308,-7.308315
2036581,"St Patrick's Primary School, Pennyburn",Londonderry,BT48 7RD,Catholic Maintained,Foyle,URBAN,719.0,55.021037,-7.317757
2036632,"Holy Trinity Primary School, Mill Street",Enniskillen,BT74 6AZ,Catholic Maintained,Fermanagh And South Tyrone,URBAN,617.0,54.350536,-7.641488
2036659,"St Macartan's Primary School, Roslea",Rosslea,BT92 7NQ,Catholic Maintained,Fermanagh And South Tyrone,RURAL,81.0,54.227755,-7.257756
2036674,"Holy Family Primary School, Omagh",Omagh,BT78 5HZ,Catholic Maintained,West Tyrone,URBAN,325.0,54.602108,-7.310223
2036696,"St Mary's Primary School, Strabane",Strabane,BT82 9EF,Catholic Maintained,West Tyrone,URBAN,705.0,54.815208,-7.473653
2036703,St Catherineâ€™s Primary School,Strabane,BT82 8HT,Catholic Maintained,West Tyrone,URBAN,457.0,54.823083,-7.456593
2036711,Our Lady of Fatima Primary School,Londonderry,BT47 3AU,Catholic Maintained,East Londonderry,RURAL,98.0,54.986995,-7.181367
2036712,"St Michael's Primary School, Dunamanagh",Dunnamanagh,BT82 0QN,Catholic Maintained,West Tyrone,RURAL,76.0,54.871389,-7.309213
2046638,"Gaelscoil Ui Dhochartaigh, Strabane",Strabane,BT82 9AQ,Other Maintained,West Tyrone,URBAN,152.0,54.817641,-7.461006
2046646,"Gaelscoil Eadain Mhoir, Derry",Londonderry,BT48 6NP,Other Maintained,Foyle,URBAN,184.0,54.989937,-7.333673
2046669,"Bunscoil an Traonaigh, Lisnaskea",Lisnaskea,BT92 0PE,Other Maintained,Fermanagh And South Tyrone,RURAL,65.0,54.263484,-7.462464
2046687,"Gaelscoil Na Daroige, Derry",Londonderry,BT48 0ND,Other Maintained,Foyle,URBAN,114.0,55.023657,-7.346622
2046689,"Gaelscoil Leim An Mhadaidh, Limavady",Limavady,BT49 0BX,Other Maintained,East Londonderry,URBAN,123.0,55.052445,-6.942573
2056442,Sion Mills Primary School,Sion Mills,BT82 9HP,Controlled Integrated,West Tyrone,RURAL,235.0,54.784039,-7.47395
2066549,Enniskillen Integrated Primary School,Enniskillen,BT74 4FH,GMI,Fermanagh And South Tyrone,URBAN,465.0,54.364444,-7.647982
2066552,Omagh Integrated Primary School,Omagh,BT79 0EX,GMI,West Tyrone,URBAN,313.0,54.58178,-7.272057
2066558,Oakgrove Integrated Primary School,Londonderry,BT47 6JY,GMI,Foyle,URBAN,430.0,54.999642,-7.305307
2066665,"Roe Valley Integrated Primary School, Limavady",Limavady,BT49 9EX,GMI,East Londonderry,URBAN,179.0,55.037408,-6.949867
3010404,"Tildarg Primary School, Ballyclare",Kells,BT39 9JU,Controlled,South Antrim,RURAL,38.0,54.794311,-6.056293
3010486,Larne & Inver Primary School,Larne,BT40 3AY,Controlled,East Antrim,URBAN,200.0,54.848481,-5.823055
3010553,"Carrickfergus Model Primary School, Carrickfergus",Carrickfergus,BT38 8BU,Controlled,East Antrim,URBAN,364.0,54.712131,-5.817412
3010558,"Duneane Primary School, Toomebridge",Toomebridge,BT41 3RD,Controlled,South Antrim,RURAL,23.0,54.752938,-6.412306
3010570,"Straid Primary School, Ballyclare",Ballyclare,BT39 9NQ,Controlled,South Antrim,RURAL,18.0,54.751376,-5.926334
3010572,"Carrowreagh Primary School, Ballymoney",Ballymoney,BT53 7JL,Controlled,North Antrim,RURAL,89.0,55.017755,-6.505919
3010594,"Garryduff Primary School, Ballymoney",Ballymoney,BT53 7DR,Controlled,North Antrim,RURAL,72.0,55.03175,-6.447717
3010631,Ballyclare Primary School,Ballyclare,BT39 9BG,Controlled,South Antrim,URBAN,533.0,54.751327,-6.00478
3010642,"Parkgate Primary School, Ballyclare",Parkgate,BT39 0DH,Controlled,South Antrim,RURAL,51.0,54.725222,-6.092681
3010646,"Olderfleet Primary School, Larne",Larne,BT40 1BX,Controlled,East Antrim,URBAN,114.0,54.851256,-5.804001
3010696,"Woodburn Primary School, Carrickfergus",Carrickfergus,BT38 9AB,Controlled,East Antrim,URBAN,197.0,54.728669,-5.843831
3010714,"Buick Memorial Primary School, Ballymena",Cullybackey,BT42 1BW,Controlled,North Antrim,RURAL,277.0,54.888188,-6.353409
3010726,Dunseverick Primary School,Bushmills,BT57 8SR,Controlled,North Antrim,RURAL,91.0,55.22619,-6.445024
3010741,"Creavery Primary School, Antrim",Antrim,BT41 2LH,Controlled,South Antrim,RURAL,52.0,54.75642,-6.228509
3010745,"Loanends Primary School, Crumlin",Crumlin,BT29 4YR,Controlled,South Antrim,RURAL,184.0,54.66345,-6.105637
3010754,"Doagh Primary School, Ballyclare",Ballyclare,BT39 0QL,Controlled,South Antrim,RURAL,134.0,54.738077,-6.042388
3010779,"The Thompson Primary School, Ballyclare",Ballyclare,BT39 9RX,Controlled,South Antrim,RURAL,161.0,54.716772,-6.001527
3010780,"Kirkinriola Primary School, Ballymena",Ballymena,BT43 6TB,Controlled,North Antrim,RURAL,93.0,54.896659,-6.262434
3010781,"Harryville Primary School, Ballymena",Ballymena,BT42 4BY,Controlled,North Antrim,URBAN,228.0,54.859392,-6.273023
3010785,"Eden Primary School, Carrickfergus",Carrickfergus,BT38 7NL,Controlled,East Antrim,URBAN,207.0,54.728552,-5.774239
3010787,"Lislagan Primary School, Ballymoney",Ballymoney,BT53 7JF,Controlled,North Antrim,RURAL,109.0,55.047731,-6.505037
3010794,"Gracehill Primary School, Ballymena",Ballymena,BT42 2NL,Controlled,North Antrim,URBAN,426.0,54.85338,-6.327438
3010795,"Landhead Primary School, Ballymoney",Ballymoney,BT53 7HL,Controlled,North Antrim,RURAL,54.0,55.072787,-6.489871
3010796,"Eden Primary School, Ballymoney",Ballymoney,BT53 7PB,Controlled,North Antrim,RURAL,90.0,55.03145,-6.56373
3010802,Ballynure Primary School,Ballyclare,BT39 9UE,Controlled,South Antrim,RURAL,144.0,54.778394,-5.955464
3010804,"Straidbilly Primary School, Ballymoney",Ballymoney,BT53 8EE,Controlled,North Antrim,RURAL,87.0,55.17219,-6.453421
3010808,"Glynn Primary School, Larne",Glynn,BT40 3HF,Controlled,East Antrim,RURAL,87.0,54.827894,-5.8119
3010809,"Ballycarry Primary School, Carrickfergus",Ballycarry,BT38 9HE,Controlled,East Antrim,RURAL,38.0,54.776248,-5.752936
3010816,Randalstown Central Primary School,Randalstown,BT41 3AJ,Controlled,South Antrim,URBAN,174.0,54.749065,-6.324768
3010817,"Greenisland Primary School, Carrickfergus",Carrickfergus,BT38 8RA,Controlled,East Antrim,URBAN,410.0,54.700702,-5.873986
3010818,"Moorfields Primary School, Ballymena",Ballymena,BT42 3EF,Controlled,North Antrim,RURAL,209.0,54.828612,-6.154571
3010822,"Groggan Primary School, Randalstown",Randalstown,BT41 3EU,Controlled,South Antrim,RURAL,127.0,54.785514,-6.367005
3010825,"Carnaghts Primary School, Shankbridge",Kells,BT42 2LX,Controlled,North Antrim,RURAL,94.0,54.814547,-6.270115
3010826,"The Diamond Primary School, Cullybackey",Cullybackey,BT42 1EE,Controlled,North Antrim,RURAL,151.0,54.882061,-6.377391
3010827,"Whitehouse Primary School, Newtownabbey",Newtownabbey,BT37 9NZ,Controlled,Belfast North,URBAN,439.0,54.661514,-5.909372
3010828,"Kilbride Central Primary School, Ballyclare",Doagh,BT39 0SQ,Controlled,South Antrim,RURAL,102.0,54.760094,-6.052729
3010829,Antrim Primary School,Antrim,BT41 4AB,Controlled,South Antrim,URBAN,570.0,54.717316,-6.212895
3010834,Clough Primary School,Clough,BT44 9RY,Controlled,North Antrim,RURAL,189.0,54.963365,-6.283272
3010835,"Kells and Connor Primary School, Ballymena",Kells,BT42 3LS,Controlled,North Antrim,RURAL,221.0,54.812475,-6.220689
3010842,"William Pinkerton Memorial Primary School, Ballymoney",Ballymoney,BT53 8BB,Controlled,North Antrim,RURAL,89.0,55.123046,-6.471546
3010846,"Whiteabbey Primary School, Newtownabbey",Newtownabbey,BT37 0RU,Controlled,East Antrim,URBAN,423.0,54.679235,-5.893467
3010847,Portrush Primary School,Portrush,BT56 8JW,Controlled,East Londonderry,URBAN,178.0,55.1997,-6.647891
3010850,"Upper Ballyboley Primary School, Ballyclare",Ballyclare,BT39 9UW,Controlled,East Antrim,RURAL,11.0,54.796784,-5.95536
3010860,"Sunnylands Primary School, Carrickfergus",Carrickfergus,BT38 8JJ,Controlled,East Antrim,URBAN,200.0,54.72106,-5.815287
3010862,"Abbots Cross Primary School, Newtownabbey",Newtownabbey,BT37 9QW,Controlled,Belfast North,URBAN,312.0,54.669209,-5.91324
3010870,"Moyle Primary School, Larne",Larne,BT40 1NS,Controlled,East Antrim,URBAN,421.0,54.856238,-5.819227
3010873,Bushmills Primary School,Bushmills,BT57 8QW,Controlled,North Antrim,RURAL,107.0,55.204966,-6.527832
3010874,"Whitehead Primary School, Carrickfergus",Whitehead,BT38 9NE,Controlled,East Antrim,RURAL,415.0,54.757729,-5.710212
3010875,Ballymena Primary School,Ballymena,BT43 5BX,Controlled,North Antrim,URBAN,244.0,54.872475,-6.283945
3010878,"Kilmoyle Primary School, Ballymoney",Ballymoney,BT53 6NS,Controlled,North Antrim,RURAL,111.0,55.131635,-6.549567
3010879,"Straidhavern Primary School, Crumlin",Crumlin,BT29 4SN,Controlled,South Antrim,RURAL,46.0,54.644993,-6.147271
3010880,"King's Park Primary School, Newtownabbey",Newtownabbey,BT37 0DG,Controlled,Belfast North,URBAN,302.0,54.677807,-5.913202
3010883,"Linn Primary School, Larne",Larne,BT40 2HT,Controlled,East Antrim,URBAN,408.0,54.863391,-5.840866
3010891,"Fourtowns Primary School, Ahoghill",Ahoghill,BT42 1LA,Controlled,North Antrim,RURAL,268.0,54.853382,-6.365883
3010892,"Ballytober Primary School, Bushmills",Bushmills,BT57 8UR,Controlled,East Londonderry,RURAL,83.0,55.189198,-6.549391
3010893,"Knockahollet Primary School, Ballymena",Ballymena,BT44 9BA,Controlled,North Antrim,RURAL,67.0,55.046713,-6.361116
3010895,Rathcoole Primary School,Newtownabbey,BT37 9EL,Controlled,Belfast North,URBAN,174.0,54.665168,-5.928049
3012049,"Carnalridge Primary School, Portrush",Portrush,BT56 8PB,Controlled,East Londonderry,RURAL,119.0,55.181707,-6.658516
3012065,"Culcrow Primary School, Aghadowey",Coleraine,BT51 4BT,Controlled,East Londonderry,RURAL,102.0,55.053707,-6.606702
3012225,"Damhead Primary School, Coleraine",Coleraine,BT52 1UF,Controlled,East Londonderry,RURAL,204.0,55.10324,-6.616839
3012229,"Hezlett Primary School, Coleraine",Castlerock,BT51 4TZ,Controlled,East Londonderry,RURAL,165.0,55.153828,-6.781233
3012233,"Tobermore Primary School, Tobermore",Tobermore,BT45 5QB,Controlled,Mid Ulster,RURAL,79.0,54.815827,-6.702548
3012234,"Ampertaine Primary School, Maghera",Maghera,BT46 5SB,Controlled,Mid Ulster,RURAL,120.0,54.884641,-6.629046
3012237,"Killowen Primary School, Coleraine",Coleraine,BT51 3BZ,Controlled,East Londonderry,URBAN,199.0,55.127567,-6.675885
3012250,Portstewart Primary School,Portstewart,BT55 7BT,Controlled,East Londonderry,URBAN,254.0,55.18539,-6.714378
3012264,"Millburn Primary School, Coleraine",Coleraine,BT52 2AQ,Controlled,East Londonderry,URBAN,318.0,55.138851,-6.66204
3012267,Magherafelt Primary School,Magherafelt,BT45 6PA,Controlled,Mid Ulster,URBAN,240.0,54.75997,-6.599445
3012269,"Kilrea Primary School, Coleraine",Kilrea,BT51 5SE,Controlled,East Londonderry,RURAL,90.0,54.94844,-6.553629
3012284,"D H Christie Memorial Primary School, Coleraine",Coleraine,BT51 3HX,Controlled,East Londonderry,URBAN,326.0,55.139124,-6.682935
3012288,"Castleroe Primary School, Coleraine",Coleraine,BT51 3RN,Controlled,East Londonderry,RURAL,92.0,55.107341,-6.657422
3012290,Bellaghy Primary School,Bellaghy,BT45 8HZ,Controlled,Mid Ulster,RURAL,48.0,54.810154,-6.516423
3012291,Maghera Primary School,Maghera,BT46 5BS,Controlled,Mid Ulster,RURAL,67.0,54.845057,-6.666739
3013301,"Carnmoney Primary School, Newtownabbey",Newtownabbey,BT36 6JS,Controlled,South Antrim,URBAN,378.0,54.68306,-5.950925
3013310,"Broughshane Primary School, Ballymena",Broughshane,BT42 4LB,Controlled,North Antrim,RURAL,309.0,54.892277,-6.215488
3013315,"Ballykeel Primary School, Ballymena",Ballymena,BT42 4DN,Controlled,North Antrim,URBAN,423.0,54.858722,-6.258817
3013322,"Camphill Primary School, Ballymena",Ballymena,BT42 2DG,Controlled,North Antrim,URBAN,388.0,54.850952,-6.279737
3013323,Mossgrove Primary School,Newtownabbey,BT36 5DN,Controlled,Belfast North,URBAN,230.0,54.675706,-5.971994
3013325,"Leaney Primary School, Ballymoney",Ballymoney,BT53 7AL,Controlled,North Antrim,URBAN,287.0,55.066464,-6.505247
3013330,"Victoria Primary School, Carrickfergus",Carrickfergus,BT38 7EZ,Controlled,East Antrim,URBAN,410.0,54.724088,-5.79499
3013331,Ballycraigy Primary School,Antrim,BT41 1PU,Controlled,South Antrim,URBAN,147.0,54.707264,-6.188233
3013332,"Toreagh Primary School, Larne",Larne,BT40 3DU,Controlled,East Antrim,RURAL,114.0,54.80489,-5.860117
3013700,"Macosquin Primary School, Coleraine",Coleraine,BT51 4ND,Controlled,East Londonderry,RURAL,183.0,55.103092,-6.701323
3013704,Castledawson Primary School,Castledawson,BT45 8AB,Controlled,Mid Ulster,RURAL,139.0,54.778099,-6.558798
3016005,"Silverstream Primary School, Greenisland",Carrickfergus,BT38 8XD,Controlled,East Antrim,URBAN,147.0,54.691829,-5.869642
3016014,"Templepatrick Primary School, Ballyclare",Templepatrick,BT39 0AQ,Controlled,South Antrim,RURAL,435.0,54.699951,-6.091665
3016015,"Mossley Primary School, Newtownabbey",Newtownabbey,BT36 5NA,Controlled,South Antrim,URBAN,548.0,54.692227,-5.946787
3016037,"Greystone Primary School, Antrim",Antrim,BT41 1JW,Controlled,South Antrim,URBAN,174.0,54.713521,-6.188451
3016038,"Hollybank Primary School, Monkstown",Newtownabbey,BT37 0HF,Controlled,East Antrim,URBAN,184.0,54.685744,-5.908716
3016040,"Armoy Primary School, Ballymoney",Ballymoney,BT53 8TD,Controlled,North Antrim,RURAL,92.0,55.127342,-6.340615
3016052,"Harpurs Hill Primary School, Coleraine",Coleraine,BT52 2ER,Controlled,East Londonderry,URBAN,244.0,55.136238,-6.652296
3016055,"Gorran Primary School, Coleraine",Garvagh,BT51 4HA,Controlled,East Londonderry,RURAL,83.0,55.023986,-6.692078
3016058,"Parkhall Primary School, Antrim",Antrim,BT41 1AZ,Controlled,South Antrim,URBAN,193.0,54.721202,-6.201689
3016063,"Dunclug Primary School, Ballymena",Ballymena,BT43 6SU,Controlled,North Antrim,URBAN,161.0,54.878934,-6.276332
3016119,Garvagh Primary School,Garvagh,BT51 5HP,Controlled,East Londonderry,RURAL,101.0,54.987462,-6.685564
3016125,Rasharkin Primary School,Ballymena,BT44 8RX,Controlled,North Antrim,RURAL,68.0,54.954926,-6.479279
3016129,"Carniny Primary School, Ballymena",Ballymena,BT43 5JR,Controlled,North Antrim,URBAN,287.0,54.872217,-6.298818
3016170,"Ballyhenry Primary School, Newtownabbey",Newtownabbey,BT36 5AZ,Controlled,Belfast North,URBAN,152.0,54.680524,-5.970529
3016225,"Woodlawn Primary School, Carrickfergus",Carrickfergus,BT38 8EZ,Controlled,East Antrim,URBAN,135.0,54.723673,-5.821712
3016244,"Ashgrove Primary School, Newtownabbey",Newtownabbey,BT36 6LJ,Controlled,Belfast North,URBAN,362.0,54.675534,-5.951615
3016249,"Earlview Primary School, Newtownabbey",Newtownabbey,BT36 5US,Controlled,South Antrim,URBAN,205.0,54.688617,-5.957531
3016252,"Ballysally Primary School, Coleraine",Coleraine,BT52 2QU,Controlled,East Londonderry,URBAN,282.0,55.146392,-6.660737
3016257,"Oakfield Primary School, Carrickfergus",Carrickfergus,BT38 7SP,Controlled,East Antrim,URBAN,278.0,54.734919,-5.807569
3016260,Cloughmills Primary School,Cloughmills,BT44 9LF,Controlled,North Antrim,RURAL,89.0,54.997223,-6.330208
3016264,"The Irish Society's Primary School, Coleraine",Coleraine,BT52 1JL,Controlled,East Londonderry,URBAN,417.0,55.121472,-6.659095
3016269,"Cairncastle Primary School, Ballygally",Ballygalley,BT40 2RB,Controlled,East Antrim,RURAL,66.0,54.897785,-5.871936
3016283,"Knockloughrim Primary School, Magherafelt",Knockcloghrim,BT45 8QT,Controlled,Mid Ulster,RURAL,126.0,54.810153,-6.604926
3016414,"Fairview Primary School, Ballyclare",Ballyclare,BT39 9HS,Controlled,South Antrim,URBAN,498.0,54.755107,-6.00624
3016440,Portglenone Primary School,Portglenone,BT44 8AF,Controlled,North Antrim,RURAL,134.0,54.873626,-6.472325
3016444,"Hazelbank Primary School, Ballymena",Ballymena,BT42 4LP,Controlled,North Antrim,RURAL,162.0,54.903359,-6.111208
3016447,"Balnamore Primary School, Ballymoney",Antrim,BT53 7PT,Controlled,North Antrim,RURAL,16.0,55.064919,-6.563486
3016594,"Bushvalley Primary School, Ballymoney",Ballymoney,BT53 8PR,Controlled,North Antrim,RURAL,173.0,55.117606,-6.414263
3016705,Islandmagee Primary School,Larne,BT40 3TQ,Controlled,East Antrim,RURAL,138.0,54.825414,-5.72974
3030434,"Creggan Primary School, Randalstown",Randalstown,BT41 3LH,Catholic Maintained,South Antrim,RURAL,107.0,54.721371,-6.362539
3030438,"Millquarter Primary School, Toomebridge",Antrim,BT41 3PY,Catholic Maintained,North Antrim,RURAL,125.0,54.795429,-6.432113
3030547,"St Patrick's Primary School, Portrush",Portrush,BT56 8JE,Catholic Maintained,East Londonderry,URBAN,69.0,55.202199,-6.64732
3030588,"St Mary's Primary School, Rathlin",Ballycastle,BT54 6RT,Catholic Maintained,North Antrim,RURAL,12.0,55.293389,-6.197745
3030621,"St Mary's Primary School, Portglenone",Portglenone,BT44 8BL,Catholic Maintained,North Antrim,RURAL,244.0,54.871256,-6.47039
3030688,"Mount St Michael's Primary School, Randalstown",Randalstown,BT41 2AF,Catholic Maintained,South Antrim,URBAN,382.0,54.750747,-6.310021
3030708,"Glenann Primary School, Cushendall",Cushendall,BT44 0TG,Catholic Maintained,East Antrim,RURAL,55.0,55.093239,-6.101322
3030719,"St Olcan's Primary School, Ballymoney",Armoy,BT53 8RJ,Catholic Maintained,North Antrim,RURAL,77.0,55.13272,-6.320666
3030815,Moneynick Primary School,Randalstown,BT41 3HS,Catholic Maintained,South Antrim,RURAL,59.0,54.741456,-6.385782
3030832,"St Comgall's Primary School, Antrim",Antrim,BT41 4JG,Catholic Maintained,South Antrim,URBAN,500.0,54.721867,-6.22179
3030894,"St Mary's Primary School, Cushendall",Ballymena,BT44 0SQ,Catholic Maintained,East Antrim,RURAL,142.0,55.076377,-6.060407
3030898,"St Anne's Primary School, Loughgiel",Ballymena,BT44 9JE,Catholic Maintained,North Antrim,RURAL,91.0,55.031928,-6.290085
3030900,"St Anthony's Primary School, Larne",Larne,BT40 2BG,Catholic Maintained,East Antrim,URBAN,71.0,54.85511,-5.838505
3032018,"St Brigid's Primary School, Tirkane",Maghera,BT46 5NH,Catholic Maintained,Mid Ulster,RURAL,263.0,54.873085,-6.711582
3032109,"New Row Primary School, Castledawson",Castledawson,BT45 8AP,Catholic Maintained,Mid Ulster,RURAL,198.0,54.776884,-6.554879
3032185,"St Trea's Primary School, Magherafelt",Magherafelt,BT45 6LL,Catholic Maintained,Mid Ulster,RURAL,106.0,54.738229,-6.525932
3032197,"Knocknagin Primary School, Dessertmartin",Desertmartin,BT45 5LE,Catholic Maintained,Mid Ulster,RURAL,74.0,54.77469,-6.678379
3032202,"St Columba's Primary School, Garvagh",Garvagh,BT51 5EQ,Catholic Maintained,East Londonderry,RURAL,101.0,55.016711,-6.735542
3032205,"St Columb's Primary School, Desertmartin",Desertmartin,BT45 5NQ,Catholic Maintained,Mid Ulster,RURAL,77.0,54.766304,-6.713828
3032218,"Crossroads Primary School, Kilrea",Kilrea,BT51 5TW,Catholic Maintained,Mid Ulster,RURAL,108.0,54.919153,-6.59261
3032231,"St Colum's Primary School, Portstewart",Portstewart,BT55 7EF,Catholic Maintained,East Londonderry,URBAN,150.0,55.182763,-6.716504
3032246,"St John Bosco Primary School, Ballynease",Portglenone,BT44 8NZ,Catholic Maintained,Mid Ulster,RURAL,107.0,54.844974,-6.482157
3032257,"Anahorish Primary School, Toomebridge",Toome,BT41 3SS,Catholic Maintained,Mid Ulster,RURAL,186.0,54.769776,-6.50359
3032268,"St Columba's Primary School, Straw",Draperstown,BT45 7BB,Catholic Maintained,Mid Ulster,RURAL,145.0,54.783686,-6.806025
3032271,"St Eoghan's Primary School, Magherafelt",Draperstown,BT45 7DZ,Catholic Maintained,Mid Ulster,RURAL,131.0,54.816163,-6.830159
3032273,"St Mary's Primary School, Draperstown",Draperstown,BT45 7AF,Catholic Maintained,Mid Ulster,RURAL,177.0,54.793383,-6.778392
3032274,"St John's Primary School, Swatragh",Maghera,BT46 5PY,Catholic Maintained,Mid Ulster,RURAL,225.0,54.903513,-6.668346
3032275,"St Mary's Primary School, Greenlough",Clady,BT44 8NN,Catholic Maintained,Mid Ulster,RURAL,160.0,54.867799,-6.515397
3032281,"St Mary's Primary School, Bellaghy",Bellaghy,BT45 8HX,Catholic Maintained,Mid Ulster,RURAL,208.0,54.809503,-6.519744
3032285,St Patrick's & St Joseph's Primary School,Garvagh,BT51 5BA,Catholic Maintained,East Londonderry,RURAL,155.0,54.975286,-6.70286
3032297,"St Malachy's Primary School, Coleraine",Coleraine,BT52 1HJ,Catholic Maintained,East Londonderry,URBAN,170.0,55.126048,-6.665965
3033303,"St Oliver Plunkett's Primary School, Toomebridge",Toome,BT41 3NJ,Catholic Maintained,South Antrim,RURAL,206.0,54.75165,-6.460101
3033313,"St Bernard's Primary School, Newtownabbey",Newtownabbey,BT36 6DW,Catholic Maintained,Belfast North,URBAN,624.0,54.667811,-5.949213
3033317,"St John's Primary School, Carnlough",Carnlough,BT44 0HJ,Catholic Maintained,East Antrim,RURAL,146.0,54.988616,-5.993239
3033320,"St Patrick's Primary School, Rasharkin",Ballymena,BT44 8SB,Catholic Maintained,North Antrim,RURAL,242.0,54.963076,-6.472304
3033326,"St Brigid's Primary School, Ballymoney",Ballymoney,BT53 6JX,Catholic Maintained,North Antrim,URBAN,209.0,55.06696,-6.521633
3033709,"St John's Primary School, Coleraine",Coleraine,BT51 3DX,Catholic Maintained,East Londonderry,URBAN,166.0,55.130634,-6.682023
3036026,"St Joseph's Primary School, Crumlin",Crumlin,BT29 4LA,Catholic Maintained,South Antrim,URBAN,541.0,54.611733,-6.221597
3036039,"St Mary's Primary School, Glenview",Maghera,BT46 5AP,Catholic Maintained,Mid Ulster,RURAL,274.0,54.8455,-6.680112
3036046,St Mary's-on-the-Hill Primary School,Newtownabbey,BT36 6JU,Catholic Maintained,Belfast North,URBAN,342.0,54.678031,-5.954776
3036050,"St Joseph's Primary School, Antrim",Antrim,BT41 1JZ,Catholic Maintained,South Antrim,URBAN,345.0,54.716743,-6.181665
3036100,"St James Primary School, Newtownabbey",Newtownabbey,BT37 0AS,Catholic Maintained,East Antrim,URBAN,261.0,54.676553,-5.905607
3036103,"St Brigid's Primary School, Knockloughrim",Gulladuff,BT45 8PG,Catholic Maintained,Mid Ulster,RURAL,263.0,54.840127,-6.591284
3036131,"St Patrick's Primary School, Glenariff",Ballymena,BT44 0RB,Catholic Maintained,East Antrim,RURAL,83.0,55.056884,-6.052131
3036139,"St MacNissi's Primary School, Newtownabbey",Newtownabbey,BT36 6UE,Catholic Maintained,South Antrim,URBAN,172.0,54.692454,-5.94113
3036147,"St Columba's Primary School, Kilrea",Kilrea,BT51 5UT,Catholic Maintained,East Londonderry,RURAL,258.0,54.957934,-6.555754
3036154,"St Patrick's Primary School, Loughgiel",Ballymena,BT44 9JR,Catholic Maintained,North Antrim,RURAL,154.0,55.064334,-6.297939
3036243,"St Joseph's Primary School, Dunloy",Dunloy,BT44 9EF,Catholic Maintained,North Antrim,RURAL,312.0,55.004747,-6.413046
3036268,"St Ciaran's Primary School, Cushendun",Cushendall,BT44 0NJ,Catholic Maintained,East Antrim,RURAL,44.0,55.117373,-6.05599
3036292,"St Patrick's Primary School, Maghera",Maghera,BT46 5JN,Catholic Maintained,Mid Ulster,RURAL,171.0,54.846555,-6.710591
3036559,"St Patrick's & St Brigid's Primary School, Ballycastle",Ballycastle,BT54 6AN,Catholic Maintained,North Antrim,URBAN,448.0,55.204587,-6.252782
3036562,"Holy Family Primary School, Magherafelt",Magherafelt,BT45 6AX,Catholic Maintained,Mid Ulster,URBAN,568.0,54.757521,-6.602947
3036563,"St Nicholas' Primary School, Carrickfergus",Carrickfergus,BT38 8AU,Catholic Maintained,East Antrim,URBAN,131.0,54.714758,-5.814617
3036575,"St MacNissi's Primary School, Larne",Larne,BT40 1RF,Catholic Maintained,East Antrim,URBAN,169.0,54.851954,-5.815331
3036666,"St Colmcilles Primary School, Ballymena",Ballymena,BT43 5DG,Catholic Maintained,North Antrim,URBAN,425.0,54.867333,-6.285036
3036679,"St Brigid's Primary School, Ballymena",Ballymena,BT43 7DZ,Catholic Maintained,North Antrim,URBAN,387.0,54.874855,-6.26493
3036683,"St Paul's Primary School, Ahoghill",Ahoghill,BT42 1LF,Catholic Maintained,North Antrim,RURAL,26.0,54.847007,-6.374844
3036704,"Mary Queen of Peace Primary School, Cargan",Martinstown,BT43 6QH,Catholic Maintained,North Antrim,RURAL,227.0,54.968881,-6.22938
3046653,"Gaelscoil An Chaistil, Ballycastle",Ballycastle,BT54 6QQ,Other Maintained,North Antrim,URBAN,100.0,55.197932,-6.257298
3046678,"Gaelscoil Na Speirini, Draperstown",Draperstown,BT45 7BB,Other Maintained,Mid Ulster,RURAL,79.0,54.783686,-6.806025
3046684,"Gaelscoil Ghleann Darach, Crumlin",Crumlin,BT29 4LA,Other Maintained,South Antrim,RURAL,99.0,54.611733,-6.221597
3046685,"Gaelscoil Eanna, Glengormley",Newtownabbey,BT36 7AU,Other Maintained,Belfast North,RURAL,213.0,54.666554,-5.968451
3046691,"Gaelscoil an tSeanchai, Magherafelt",Magherafelt,BT45 6BW,Other Maintained,Mid Ulster,URBAN,128.0,54.752971,-6.60562
3050519,"Carnlough Integrated Primary School, Ballymena",Carnlough,BT44 0EU,Controlled Integrated,East Antrim,RURAL,27.0,54.992713,-5.989925
3050791,"Glengormley Integrated Primary School, Newtownabbey",Newtownabbey,BT36 6HJ,Controlled Integrated,Belfast North,URBAN,268.0,54.670971,-5.954371
3050841,"Central Integrated Primary School, Carrickfergus",Carrickfergus,BT38 8AL,Controlled Integrated,East Antrim,URBAN,140.0,54.716722,-5.810895
3050859,Crumlin Integrated Primary School,Crumlin,BT29 4XL,Controlled Integrated,South Antrim,URBAN,150.0,54.621441,-6.214609
3050866,Ballymoney Model Controlled Integrated Primary School,Ballymoney,BT53 6BW,Controlled Integrated,North Antrim,URBAN,363.0,55.071794,-6.523146
3050899,"Seaview Integrated Primary School, Glenarm",Glenarm,BT44 0AA,Controlled Integrated,East Antrim,RURAL,108.0,54.967977,-5.95215
3052071,"Carhill Integrated Primary School, Garvagh",Garvagh,BT51 5PQ,Controlled Integrated,East Londonderry,RURAL,77.0,54.94365,-6.680612
3053333,Ballycastle Integrated Primary School,Ballycastle,BT54 6BJ,Controlled Integrated,North Antrim,URBAN,200.0,55.202617,-6.246365
3056231,Six Mile Integrated Primary School,Antrim,BT41 2TA,Controlled Integrated,South Antrim,URBAN,247.0,54.720976,-6.188956
3056248,Round Tower Integrated Primary School,Antrim,BT41 2TH,Controlled Integrated,South Antrim,URBAN,252.0,54.732487,-6.221869
3056708,Mallusk Controlled Integrated Primary School,Newtownabbey,BT36 4QE,Controlled Integrated,South Antrim,URBAN,123.0,54.678923,-6.003356
3066544,"Mill Strand Integrated Primary School, Portrush",Portrush,BT56 8EW,GMI,East Londonderry,URBAN,409.0,55.197652,-6.663398
3066551,"Braidside Integratead Primary School, Ballymena",Ballymena,BT43 7EN,GMI,North Antrim,URBAN,319.0,54.877536,-6.257056
3066561,"Corran Integrated Primary School, Larne",Larne,BT40 1TP,GMI,East Antrim,URBAN,220.0,54.871247,-5.822981
3066568,"Acorn Integrated Primary School, Carrickfergus",Carrickfergus,BT38 7JL,GMI,East Antrim,URBAN,223.0,54.725719,-5.793737
3066613,"Spires Integrated Primary School, Magherafelt",Magherafelt,BT45 6HH,GMI,Mid Ulster,URBAN,210.0,54.741074,-6.621168
3066652,"Maine Integrated Primary School, Randalstown",Randalstown,BT41 3EH,GMI,South Antrim,URBAN,152.0,54.756104,-6.329697
4010512,"McKinney Primary School, Dundrod",Crumlin,BT29 4HX,Controlled,South Antrim,RURAL,158.0,54.61365,-6.121373
4010720,"Ballycarrickmaddy Primary School, Lisburn",Lisburn,BT28 2NX,Controlled,South Antrim,RURAL,196.0,54.552823,-6.149273
4010743,"Largymore Primary School, Lisburn",Lisburn,BT27 5BT,Controlled,Lagan Valley,URBAN,194.0,54.509093,-6.026521
4010762,"Brownlee Primary School, Lisburn",Lisburn,BT27 4AA,Controlled,Lagan Valley,URBAN,198.0,54.513033,-6.042298
4010788,Dunmurry Primary School,Dunmurry,BT17 9AN,Controlled,Lagan Valley,URBAN,217.0,54.54738,-6.004209
4010807,Lisburn Central Primary School,Lisburn,BT28 1JJ,Controlled,Lagan Valley,URBAN,213.0,54.50666,-6.047637
4010882,"Seymour Hill Primary School, Belfast",Dunmurry,BT17 9QX,Controlled,Lagan Valley,URBAN,254.0,54.542758,-6.011065
4010885,"Tonagh Primary School, Lisburn",Lisburn,BT28 1DQ,Controlled,Lagan Valley,URBAN,228.0,54.510323,-6.055306
4011265,"Ballyvester Primary School, Donaghadee",Donaghadee,BT21 0NF,Controlled,North Down,RURAL,116.0,54.624764,-5.561653
4011300,"Greyabbey Primary School, Newtownards",Greyabbey,BT22 2QA,Controlled,Strangford,RURAL,78.0,54.534315,-5.560855
4011310,"Carrickmannon Primary School, Ballygowan",Ballygowan,BT23 6JJ,Controlled,Strangford,RURAL,87.0,54.481438,-5.779138
4011345,Newtownards Model Primary School,Newtownards,BT23 4NW,Controlled,Strangford,URBAN,396.0,54.590302,-5.709097
4011373,"Kirkistown Primary School, Newtownards",Cloghy,BT22 1JA,Controlled,Strangford,RURAL,56.0,54.438402,-5.470164
4011462,"Castle Gardens Primary School, Newtownards",Newtownards,BT23 8SH,Controlled,Strangford,URBAN,328.0,54.58927,-5.675735
4011488,"Victoria Primary School, Ballyhalbert",Ballyhalbert,BT22 1DQ,Controlled,Strangford,RURAL,105.0,54.491214,-5.466748
4011507,"Portavogie Primary School, Newtownards",Portavogie,BT22 1EE,Controlled,Strangford,RURAL,219.0,54.456661,-5.446211
4011566,"Ballywalter Primary School, Ballywater",Ballywalter,BT22 2NT,Controlled,Strangford,RURAL,157.0,54.545489,-5.489073
4011567,Ballynahinch Primary School,Ballynahinch,BT24 8BB,Controlled,Strangford,URBAN,235.0,54.399625,-5.905841
4011578,"Derryboy Primary School, Crossgar",Crossgar,BT30 9LY,Controlled,Strangford,RURAL,75.0,54.438527,-5.731501
4011584,"Carr Primary School, Lisburn",Lisburn,BT27 6TB,Controlled,Lagan Valley,RURAL,90.0,54.499381,-5.933577
4011587,Dundonald Primary School,Dundonald,BT16 2LP,Controlled,Belfast East,URBAN,858.0,54.593022,-5.804927
4011588,Comber Primary School,Comber,BT23 5BX,Controlled,Strangford,URBAN,370.0,54.553579,-5.741611
4011606,"Gilnahirk Primary School, Belfast",Belfast,BT5 7QQ,Controlled,Belfast East,URBAN,412.0,54.58328,-5.839252
4011608,Anahilt Primary School,Hillsborough,BT26 6BP,Controlled,Lagan Valley,RURAL,149.0,54.436158,-5.995735
4011619,Dromara Primary School,Dromore,BT25 2BL,Controlled,Lagan Valley,RURAL,162.0,54.381024,-6.017972
4011631,Holywood Primary School,Holywood,BT18 9DL,Controlled,North Down,URBAN,455.0,54.639408,-5.832077
4011632,"Cregagh Primary School, Belfast",Belfast,BT6 0FL,Controlled,Belfast East,URBAN,149.0,54.575815,-5.902118
4011645,"Crawfordsburn Primary School, Bangor",Bangor,BT19 1JA,Controlled,North Down,RURAL,191.0,54.657216,-5.725294
4011646,"Victoria Primary School, Newtownards",Newtownards,BT23 7DD,Controlled,Strangford,URBAN,442.0,54.594511,-5.688976
4011650,"Ballyholme Primary School, Bangor",Bangor,BT20 5RG,Controlled,North Down,URBAN,620.0,54.663737,-5.638807
4011654,Donaghadee Primary School,Donaghadee,BT21 0BD,Controlled,North Down,URBAN,444.0,54.63977,-5.538089
4011657,"Lisnasharragh Primary School, Belfast",Belfast,BT6 9LS,Controlled,Belfast East,URBAN,369.0,54.573232,-5.886924
4011670,"Clandeboye Primary School, Bangor",Bangor,BT20 3JW,Controlled,North Down,URBAN,297.0,54.651943,-5.68223
4011674,"Knockbreda Primary School, Belfast",Belfast,BT6 0JJ,Controlled,Belfast South,URBAN,142.0,54.567645,-5.903512
4011681,Millisle Primary School,Millisle,BT22 2DD,Controlled,North Down,RURAL,228.0,54.606886,-5.530788
4011683,"Braniel Primary School, Belfast",Belfast,BT5 7JU,Controlled,Belfast East,URBAN,417.0,54.578406,-5.861274
4011698,Newcastle Primary School,Newcastle,BT33 0AS,Controlled,South Down,URBAN,217.0,54.215296,-5.890331
4011699,Moneyrea Primary School,Moneyreagh,BT23 6BB,Controlled,Strangford,RURAL,253.0,54.53365,-5.827986
4013013,"Belvoir Park Primary School, Belfast",Belfast,BT8 7DL,Controlled,Belfast South,URBAN,262.0,54.551432,-5.930961
4013023,"Bloomfield Primary School, Bangor",Bangor,BT19 7PN,Controlled,North Down,URBAN,423.0,54.642995,-5.657145
4013024,"Cairnshill Primary School, Belfast",Belfast,BT8 6RT,Controlled,Belfast South,URBAN,552.0,54.552642,-5.902086
4013043,"Leadhill Primary School, Belfast",Castlereagh,BT6 9RD,Controlled,Belfast East,URBAN,144.0,54.57455,-5.873431
4013044,"Carryduff Primary School, Belfast",Carryduff,BT8 8EE,Controlled,Belfast South,URBAN,181.0,54.514043,-5.883604
4013045,"Grange Park Primary School, Bangor",Bangor,BT20 3QG,Controlled,North Down,URBAN,390.0,54.658678,-5.687224
4013046,"Alexander Dickson Primary School, Ballygowan",Ballygowan,BT23 5TN,Controlled,Strangford,RURAL,84.0,54.502587,-5.789307
4013305,"Harmony Hill Primary School, Lisburn",Lisburn,BT27 4ES,Controlled,Lagan Valley,URBAN,659.0,54.524155,-6.034413
4013334,"Knockmore Primary School, Lisburn",Lisburn,BT28 1SA,Controlled,Lagan Valley,URBAN,233.0,54.508933,-6.076217
4016002,"Kilcooley Primary School, Bangor",Bangor,BT19 1QS,Controlled,North Down,URBAN,241.0,54.64734,-5.698591
4016004,"Londonderry Primary School, Newtownards",Newtownards,BT23 4EY,Controlled,Strangford,URBAN,404.0,54.601296,-5.701283
4016020,"Carrowdore Primary School, Newtownards",Carrowdore,BT22 2JJ,Controlled,Strangford,RURAL,170.0,54.577901,-5.553502
4016067,Rathmore Primary School,Bangor,BT19 1DJ,Controlled,North Down,URBAN,551.0,54.65743,-5.70329
4016083,"West Winds Primary School, Newtownards",Newtownards,BT23 4RQ,Controlled,Strangford,URBAN,178.0,54.580548,-5.701756
4016104,Moira Primary School,Moira,BT67 0LJ,Controlled,Lagan Valley,RURAL,438.0,54.48574,-6.241099
4016111,"Towerview Primary School, Bangor",Bangor,BT19 6AZ,Controlled,North Down,URBAN,459.0,54.662489,-5.621875
4016123,"Spa Primary School, Ballynahinch",Ballynahinch,BT24 8QB,Controlled,South Down,RURAL,200.0,54.377049,-5.892661
4016126,"Andrews Memorial Primary School, Newtownards",Comber,BT23 5PG,Controlled,Strangford,URBAN,387.0,54.54411,-5.766368
4016144,"Old Warren Primary School, Lisburn",Lisburn,BT28 1QP,Controlled,Lagan Valley,URBAN,137.0,54.502595,-6.059131
4016145,"Killowen Primary School, Lisburn",Lisburn,BT28 2UH,Controlled,Lagan Valley,URBAN,421.0,54.520005,-6.06629
4016192,"Kilmaine Primary School, Bangor",Bangor,BT19 6EF,Controlled,North Down,URBAN,659.0,54.654145,-5.631661
4016201,"Academy Primary School, Ballynahinch",Saintfield,BT24 7JA,Controlled,Strangford,RURAL,448.0,54.454743,-5.831135
4016202,Ballinderry Primary School,Lisburn,BT28 2BF,Controlled,Lagan Valley,RURAL,267.0,54.548012,-6.255343
4016235,Downpatrick Primary School,Downpatrick,BT30 6AF,Controlled,South Down,URBAN,206.0,54.329499,-5.718368
4016396,"Killinchy Primary School, Newtownards",Killinchy,BT23 6PN,Controlled,Strangford,RURAL,330.0,54.471712,-5.675311
4016399,"Abbey Primary School, Newtownards",Newtownards,BT23 8RQ,Controlled,Strangford,URBAN,605.0,54.594647,-5.666144
4016401,"Pond Park Primary School, Lisburn",Lisburn,BT28 3BF,Controlled,Lagan Valley,URBAN,626.0,54.525469,-6.067453
4016417,Maghaberry Primary School,Maghaberry,BT67 0JE,Controlled,Lagan Valley,RURAL,305.0,54.50412,-6.192249
4016430,"Ballymagee Primary School, Bangor",Bangor,BT19 6ZG,Controlled,North Down,URBAN,413.0,54.64445,-5.637199
4016441,"Ballymacash Primary School, Lisburn",Lisburn,BT28 2EE,Controlled,Lagan Valley,URBAN,466.0,54.519768,-6.086365
4016503,"Brooklands Primary School, Belfast",Dundonald,BT16 2PA,Controlled,Belfast East,URBAN,595.0,54.593596,-5.793972
4016615,Riverdale Primary School,Lisburn,BT27 5LX,Controlled,Lagan Valley,RURAL,204.0,54.477051,-6.011664
4016636,Meadow Bridge Primary School,Hillsborough,BT26 6JR,Controlled,Lagan Valley,RURAL,292.0,54.473119,-6.146935
4016649,"Downshire Primary School, Hillsborough",Hillsborough,BT26 6AR,Controlled,Lagan Valley,RURAL,651.0,54.464066,-6.079264
4016650,"Cumran Primary School, Downpatrick",Clough,BT30 8RB,Controlled,South Down,RURAL,200.0,54.290849,-5.8387
4016681,"Glasswater Primary School, Downpatrick",Crossgar,BT30 9EG,Controlled,South Down,RURAL,77.0,54.396368,-5.757559
4030573,"Ballymacward Primary School, Lisburn",Lisburn,BT28 3SU,Catholic Maintained,South Antrim,RURAL,89.0,54.577994,-6.10549
4030823,"Ballymacrickett Primary School, Glenavy",Lisburn,BT29 4NE,Catholic Maintained,South Antrim,RURAL,344.0,54.574743,-6.220379
4030897,"St Joseph's Primary School, Lisburn",Lisburn,BT27 4XE,Catholic Maintained,Lagan Valley,URBAN,385.0,54.511731,-6.041233
4031328,"Christ the King Primary School, Drumaness",Drumaness,BT24 8NG,Catholic Maintained,South Down,RURAL,70.0,54.353849,-5.872713
4031350,"St Malachy's Primary School, Kilclief",Downpatrick,BT30 7PA,Catholic Maintained,South Down,RURAL,36.0,54.325962,-5.561969
4031485,"St Caolan's Primary School, Saintfield",Saintfield,BT24 7EQ,Catholic Maintained,Strangford,RURAL,91.0,54.450018,-5.763215
4031526,"St Patrick's Primary School, Saul",Downpatrick,BT30 7JQ,Catholic Maintained,South Down,RURAL,184.0,54.350441,-5.651708
4031531,"St Francis' Primary School, Drumaroad",Castlewellan,BT31 9PQ,Catholic Maintained,South Down,RURAL,92.0,54.321795,-5.896595
4031550,"St Joseph's Primary School, Crossgar",Crossgar,BT30 9HS,Catholic Maintained,Strangford,RURAL,130.0,54.399452,-5.771698
4031628,"St Patrick's Primary School, Holywood",Holywood,BT18 9LN,Catholic Maintained,North Down,URBAN,303.0,54.638682,-5.836175
4031660,"St Joseph's Primary School, Carryduff",Carryduff,BT8 8EX,Catholic Maintained,Belfast South,URBAN,527.0,54.529884,-5.885194
4031662,"St Mary's Primary School, Comber",Comber,BT23 5AP,Catholic Maintained,Strangford,URBAN,84.0,54.548215,-5.744025
4031663,"St Joseph's Primary School, Carnacaville",Newcastle,BT33 0JS,Catholic Maintained,South Down,RURAL,195.0,54.234949,-5.909483
4031665,"St Patrick's Primary School, Ballynahinch",Ballynahinch,BT24 8DN,Catholic Maintained,Strangford,URBAN,260.0,54.403366,-5.896179
4031671,"St Patrick's Primary School, Castlewellan",Castlewellan,BT31 9HH,Catholic Maintained,South Down,RURAL,37.0,54.245158,-5.959351
4031673,"St Mary's Primary School, Ardglass(Dunsford",Ardglass,BT30 7SS,Catholic Maintained,South Down,RURAL,87.0,54.294562,-5.570324
4031676,"St Bernards Primary School, Belfast",Belfast,BT6 0JS,Catholic Maintained,Belfast South,URBAN,437.0,54.567873,-5.902185
4033002,"St Mary's Primary School, Aughlisnafin",Castlewellan,BT31 9JP,Catholic Maintained,South Down,RURAL,88.0,54.275735,-5.894014
4033005,"St Joseph's Primary School, Strangford",Strangford,BT30 7LZ,Catholic Maintained,South Down,RURAL,87.0,54.369645,-5.557641
4033007,"St Macartan's Primary School, Downpatrick",Downpatrick,BT30 8PZ,Catholic Maintained,South Down,RURAL,171.0,54.338235,-5.820514
4033008,"St Anne's Primary School, Donaghadee",Donaghadee,BT21 0HY,Catholic Maintained,North Down,URBAN,10.0,54.638978,-5.533164
4033012,"Holy Family Primary School, Downpatrick",Downpatrick,BT30 9AN,Catholic Maintained,South Down,RURAL,186.0,54.369514,-5.790895
4033017,"St Finian's Primary School, Newtownards",Newtownards,BT23 7AD,Catholic Maintained,Strangford,URBAN,153.0,54.594971,-5.694258
4033028,"St Patrick's Primary School, Ballygalget",Portaferry,BT22 1NE,Catholic Maintained,Strangford,RURAL,120.0,54.407323,-5.496649
4033036,"St Mary's Primary School, Killyleagh",Killyleagh,BT30 9RB,Catholic Maintained,Strangford,RURAL,76.0,54.405495,-5.649301
4033037,"St Joseph's Primary School, Tyrella",Downpatrick,BT30 8DF,Catholic Maintained,South Down,RURAL,52.0,54.268804,-5.784604
4033040,"St Brigid's Primary School, Downpatrick",Downpatrick,BT30 6NL,Catholic Maintained,South Down,URBAN,265.0,54.33415,-5.705394
4033306,"St Aloysius Primary School, Lisburn",Lisburn,BT28 1TB,Catholic Maintained,Lagan Valley,URBAN,448.0,54.509904,-6.066166
4033307,"St Colman's Primary School, Lisburn",Dunmurry,BT27 4QS,Catholic Maintained,Lagan Valley,URBAN,393.0,54.529525,-6.030401
4036016,"St Joseph's Primary School, Killough",Killough,BT30 7QD,Catholic Maintained,South Down,RURAL,59.0,54.254928,-5.645171
4036036,"St Malachy's Primary School, Kilcoo",Newry,BT34 5HU,Catholic Maintained,South Down,RURAL,182.0,54.235801,-6.029298
4036113,"St Nicholas' Primary School, Downpatrick",Ardglass,BT30 7SF,Catholic Maintained,South Down,RURAL,167.0,54.263986,-5.613217
4036133,"Sacred Heart Primary School, Newcastle",Dundrum,BT33 0LU,Catholic Maintained,South Down,RURAL,122.0,54.260199,-5.84121
4036146,"St Comgall's Primary School, Bangor",Bangor,BT20 3DS,Catholic Maintained,North Down,URBAN,311.0,54.658608,-5.681649
4036148,"St Malachy's Primary School, Bangor",Bangor,BT19 1AA,Catholic Maintained,North Down,URBAN,404.0,54.645514,-5.690498
4036182,St Colmcille's Primary School,Downpatrick,BT30 6PZ,Catholic Maintained,South Down,URBAN,368.0,54.31617,-5.71159
4036285,"Good Shepherd Primary School, Belfast",Dunmurry,BT17 0PJ,Catholic Maintained,Belfast West,URBAN,364.0,54.567054,-6.026504
4036428,"St Mary's Primary School, Kircubbin",Kircubbin,BT22 2SU,Catholic Maintained,Strangford,RURAL,142.0,54.486281,-5.535827
4036454,"St Malachy's Primary School, Castlewellan",Castlewellan,BT31 9DN,Catholic Maintained,South Down,RURAL,388.0,54.257448,-5.944932
4036455,"St Patrick's Primary School, Legamaddy",Downpatrick,BT30 8AR,Catholic Maintained,South Down,RURAL,164.0,54.286634,-5.719203
4036480,St Kieran's Primary School,Dunmurry,BT17 0PB,Catholic Maintained,Belfast West,URBAN,366.0,54.561768,-6.02962
4036530,"St Mary's Primary School, Portaferry",Portaferry,BT22 1RH,Catholic Maintained,Strangford,RURAL,170.0,54.379978,-5.542988
4036591,"Our Lady Queen of Peace Primary School, Belfast",Dunmurry,BT17 0RW,Catholic Maintained,Belfast West,URBAN,369.0,54.556017,-6.012537
4036618,"Christ The Redeemer Primary School, Dunmurry",Dunmurry,BT17 0TG,Catholic Maintained,Belfast West,URBAN,685.0,54.550806,-6.031246
4036635,"St Mary's Primary School, Newcastle",Newcastle,BT33 0BA,Catholic Maintained,South Down,URBAN,381.0,54.216485,-5.8951
4036642,"St Ita's Primary School, Belfast",Belfast,BT8 6YY,Catholic Maintained,Belfast South,URBAN,709.0,54.543169,-5.915972
4036693,"Our Lady & St Patrick Primary School, Downpatrick",Downpatrick,BT30 6JD,Catholic Maintained,South Down,URBAN,392.0,54.326459,-5.708743
4036702,"Holy Evangelist Primary School, Belfast",Dunmurry,BT17 0DB,Catholic Maintained,Belfast West,URBAN,530.0,54.5558,-6.023956
4046600,Scoil Na Fuiseoige,Dunmurry,BT17 0DF,Other Maintained,Belfast West,URBAN,175.0,54.550147,-6.026069
4046648,"Bunscoil Bheanna Boirche, Castlewellan",Castlewellan,BT31 9EB,Other Maintained,South Down,RURAL,157.0,54.254314,-5.938197
4051569,"Kircubbin Integrated Primary School, Newtownards",Kircubbin,BT22 2SQ,Controlled Integrated,Strangford,RURAL,196.0,54.486986,-5.532497
4051601,Portaferry Integrated Primary School,Portaferry,BT22 1QU,Controlled Integrated,Strangford,RURAL,65.0,54.383369,-5.542231
4051680,Bangor Central Integrated Primary School,Bangor,BT20 4TF,Controlled Integrated,North Down,URBAN,486.0,54.657316,-5.663062
4053009,"Annsborough Integrated Primary School, Castlewellan",Castlewellan,BT31 9NN,Controlled Integrated,South Down,RURAL,32.0,54.26607,-5.919589
4053020,"Glencraig Integrated Primary School, Holywood",Holywood,BT18 0DJ,Controlled Integrated,North Down,RURAL,237.0,54.662205,-5.766415
4053308,"Fort Hill Integrated Primary School, Lisburn",Lisburn,BT27 4TJ,Controlled Integrated,Lagan Valley,URBAN,231.0,54.514623,-6.031767
4056541,"All Children's Integrated Primary School, Newcastle",Newcastle,BT33 0HD,Controlled Integrated,South Down,URBAN,210.0,54.198921,-5.890629
4056709,"Killyleagh Integrated Primary School, Downpatrick",Killyleagh,BT30 9SR,Controlled Integrated,Strangford,RURAL,124.0,54.405781,-5.657495
4056710,"Loughries Integrated Primary School, Newtownards",Newtownards,BT23 8SR,Controlled Integrated,Strangford,RURAL,90.0,54.57981,-5.64334
4066579,"Loughview Integrated Primary School, Belfast",Castlereagh,BT6 9SA,GMI,Belfast South,RURAL,471.0,54.569028,-5.875698
4066588,"Cedar Integrated Primary School, Crossgar",Crossgar,BT30 9HJ,GMI,South Down,RURAL,229.0,54.393736,-5.764832
4066611,Oakwood Integrated Primary School,Dunmurry,BT17 9HN,GMI,Lagan Valley,URBAN,213.0,54.543357,-6.020215
4066644,"Millennium Integrated Primary School, Saintfield",Saintfield,BT24 7HF,GMI,Strangford,RURAL,439.0,54.494288,-5.855822
4066668,"Drumlins Integrated Primary School, Ballynahinch",Ballynahinch,BT24 8EU,GMI,Strangford,URBAN,210.0,54.402701,-5.891038
4066682,"Rowandale Integrated Primary School, Moira",Moira,BT67 0PB,GMI,Lagan Valley,RURAL,354.0,54.475958,-6.210093
4610063,Regent House Preparatory,Newtownards,BT23 4QA,Controlled,Strangford,URBAN,81.0,54.589881,-5.703504
4620044,"Sullivan Upper Preparatory, Holywood",Holywood,BT18 9ET,Voluntary,North Down,URBAN,176.0,54.635316,-5.834371
4620050,"Friends' School Preparatory, Lisburn",Lisburn,BT28 3BH,Voluntary,Lagan Valley,URBAN,142.0,54.517361,-6.045442
4620051,"Wallace High Preparatory, Lisburn",Lisburn,BT28 3AD,Voluntary,Lagan Valley,URBAN,125.0,54.518316,-6.051173
5010909,"Foley Primary School, Tassagh",Armagh,BT60 2QS,Controlled,Newry And Armagh,RURAL,153.0,54.283032,-6.625275
5010992,Lurgan Model Primary School,Lurgan,BT67 9AT,Controlled,Upper Bann,URBAN,231.0,54.467144,-6.336403
5011019,"Mullaglass Primary School, Newry",Newry,BT35 6PZ,Controlled,Newry And Armagh,RURAL,91.0,54.208004,-6.365751
5011095,"Mullavilly Primary School, Tandragee",Tandragee,BT62 2LX,Controlled,Newry And Armagh,RURAL,113.0,54.372004,-6.447525
5011112,"Hardy Memorial Primary School, Richhill",Richhill,BT61 9QR,Controlled,Newry And Armagh,RURAL,446.0,54.371225,-6.550269
5011115,"The Armstrong Primary School, Armagh",Armagh,BT61 9DF,Controlled,Newry And Armagh,URBAN,487.0,54.352234,-6.647959
5011116,"Tandragee Primary School, Tandragee",Tandragee,BT62 2BB,Controlled,Newry And Armagh,RURAL,354.0,54.356521,-6.414822
5011119,Darkley Primary School,Armagh,BT60 3BG,Controlled,Newry And Armagh,RURAL,114.0,54.222541,-6.680857
5011124,"King's Park Primary School, Lurgan",Lurgan,BT66 7BB,Controlled,Upper Bann,URBAN,674.0,54.458206,-6.321591
5011127,"Carrick Primary School, Lurgan",Lurgan,BT66 8NY,Controlled,Upper Bann,URBAN,454.0,54.458024,-6.342232
5011129,"Hart Memorial Primary School, Portadown",Portadown,BT62 4BD,Controlled,Upper Bann,URBAN,448.0,54.423677,-6.457575
5011132,"Killylea Primary School, Armagh",Armagh,BT60 4LN,Controlled,Newry And Armagh,RURAL,97.0,54.347678,-6.774013
5011137,Newtownhamilton Primary School,Newtownhamilton,BT35 0DQ,Controlled,Newry And Armagh,RURAL,56.0,54.197201,-6.579446
5011142,"Clare Primary School, Tandragee",Tandragee,BT62 2HB,Controlled,Newry And Armagh,RURAL,136.0,54.327557,-6.452383
5011153,"Lisnadill Primary School, Armagh",Armagh,BT60 2PS,Controlled,Newry And Armagh,RURAL,148.0,54.308496,-6.646167
5011157,"Derryhale Primary School, Portadown",Portadown,BT62 3SR,Controlled,Newry And Armagh,RURAL,74.0,54.380828,-6.479376
5011161,Mountnorris Primary School,Armagh,BT60 2TR,Controlled,Newry And Armagh,RURAL,112.0,54.253005,-6.475123
5011165,Richmount Primary School,Portadown,BT62 1QP,Controlled,Upper Bann,RURAL,98.0,54.440441,-6.508335
5011174,"Birches Primary School, Portadown",Portadown,BT62 1LR,Controlled,Upper Bann,RURAL,188.0,54.487602,-6.54907
5011175,"Cortamlet Primary School, Altnamackin",Newry,BT35 0EE,Controlled,Newry And Armagh,RURAL,74.0,54.179965,-6.626385
5011179,"Bessbrook Primary School, Newry",Bessbrook,BT35 7AQ,Controlled,Newry And Armagh,RURAL,121.0,54.195438,-6.398134
5011189,"Edenderry Primary School, Portadown",Portadown,BT63 5EP,Controlled,Upper Bann,URBAN,403.0,54.422688,-6.415904
5011190,"Tullygally Primary School, Craigavon",Craigavon,BT65 5AA,Controlled,Upper Bann,URBAN,269.0,54.45219,-6.357161
5011520,"Dromore Road Primary School, Warrenpoint",Warrenpoint,BT34 3JH,Controlled,South Down,URBAN,87.0,54.103439,-6.252096
5011575,Dromore Central Primary School,Dromore,BT25 1AD,Controlled,Lagan Valley,URBAN,697.0,54.41436,-6.151174
5011594,"Abercorn Primary School, Banbridge",Banbridge,BT32 3HR,Controlled,Upper Bann,URBAN,308.0,54.344856,-6.273866
5011596,"Gilford Primary School, Craigavon",Gilford,BT63 6HH,Controlled,Upper Bann,RURAL,88.0,54.374592,-6.358616
5011598,"Waringstown Primary School, Waringstown",Waringstown,BT66 7QH,Controlled,Upper Bann,RURAL,426.0,54.435168,-6.300278
5011602,"Bleary Primary School, Lurgan",Lurgan,BT66 8TD,Controlled,Upper Bann,RURAL,176.0,54.425225,-6.34123
5011611,"Iveagh Primary School, Newry, Rathfriland",Rathfriland,BT34 5NH,Controlled,South Down,RURAL,271.0,54.239189,-6.155873
5011617,"Ballydown Primary School, Banbridge",Banbridge,BT32 4JN,Controlled,South Down,RURAL,342.0,54.353995,-6.242227
5011649,Kilkeel Primary School,Kilkeel,BT34 4AT,Controlled,South Down,URBAN,546.0,54.061128,-6.001778
5011651,Milltown Primary School,Banbridge,BT32 4NR,Controlled,Upper Bann,RURAL,54.0,54.37512,-6.289895
5011664,"Scarva Primary School, Scarva",Scarva,BT63 6NS,Controlled,Upper Bann,RURAL,59.0,54.329048,-6.361891
5011684,"Annalong Primary School, Newry",Annalong,BT34 4TH,Controlled,South Down,RURAL,203.0,54.107157,-5.901271
5011687,"Maralin Village Primary School, Craigavon",Magheralin,BT67 0QZ,Controlled,Upper Bann,RURAL,244.0,54.464659,-6.252662
5012280,Moneymore Primary School,Moneymore,BT45 7QT,Controlled,Mid Ulster,RURAL,241.0,54.695445,-6.667649
5012538,"Churchill Primary School, Caledon",Caledon,BT68 4UY,Controlled,Fermanagh And South Tyrone,RURAL,102.0,54.36203,-6.832383
5012615,"Ballytrea Primary School, Stewartstown",Stewartstown,BT71 5NY,Controlled,Mid Ulster,RURAL,52.0,54.607676,-6.645322
5012621,Aughnacloy Primary School,Aughnacloy,BT69 6DU,Controlled,Fermanagh And South Tyrone,RURAL,163.0,54.418131,-6.968014
5012632,"Donaghmore Primary School, Dungannon",Donaghmore,BT70 3EZ,Controlled,Mid Ulster,RURAL,75.0,54.531094,-6.812546
5012635,Augher Central Primary School,Augher,BT77 0BE,Controlled,Fermanagh And South Tyrone,RURAL,74.0,54.43226,-7.137212
5012636,Moy Regional Primary School,Moy,BT71 7SN,Controlled,Fermanagh And South Tyrone,RURAL,69.0,54.448949,-6.698685
5012643,Stewartstown Primary School,Stewartstown,BT71 5HY,Controlled,Mid Ulster,RURAL,57.0,54.575386,-6.676813
5012646,"Howard Primary School, Dungannon",Moygashel,BT71 7QR,Controlled,Fermanagh And South Tyrone,URBAN,323.0,54.487834,-6.748219
5012649,Coagh Primary School,Coagh,BT80 0DW,Controlled,Mid Ulster,RURAL,118.0,54.64696,-6.619632
5012657,"Walker Memorial Primary School, Dungannon",Dungannon,BT70 3DQ,Controlled,Fermanagh And South Tyrone,RURAL,63.0,54.508296,-6.838713
5012696,"Carntall Primary School, Clogher",Clogher,BT76 0UY,Controlled,Fermanagh And South Tyrone,RURAL,92.0,54.422115,-7.220108
5012719,Newmills Primary School,Dungannon,BT71 4DX,Controlled,Mid Ulster,RURAL,108.0,54.550052,-6.739993
5012720,Dungannon Primary School,Dungannon,BT71 6BE,Controlled,Fermanagh And South Tyrone,URBAN,320.0,54.50699,-6.764152
5012726,Cookstown Primary School,Cookstown,BT80 8PF,Controlled,Mid Ulster,URBAN,474.0,54.643381,-6.741274
5013019,"Edenderry Primary School, Banbridge",Banbridge,BT32 4AF,Controlled,Upper Bann,URBAN,395.0,54.354997,-6.268626
5013702,"Woods Primary School, Magherafelt",Magherafelt,BT45 6HX,Controlled,Mid Ulster,RURAL,182.0,54.720014,-6.546365
5016007,"Millington Primary School, Portadown",Portadown,BT62 3HQ,Controlled,Upper Bann,URBAN,619.0,54.419051,-6.450631
5016027,"Drumhillery Primary School, Middletown",Middletown,BT60 3QB,Controlled,Newry And Armagh,RURAL,69.0,54.26998,-6.78791
5016065,"Dickson Primary School, Lurgan",Lurgan,BT66 8LJ,Controlled,Upper Bann,URBAN,238.0,54.451997,-6.333918
5016078,Poyntzpass Primary School,Poyntzpass,BT35 6SL,Controlled,Newry And Armagh,RURAL,156.0,54.295921,-6.373774
5016079,"The Cope Primary School, Loughgall",Loughgall,BT61 8HY,Controlled,Newry And Armagh,RURAL,95.0,54.407689,-6.611158
5016080,"Drumgor Primary School, Craigavon",Craigavon,BT65 5BP,Controlled,Upper Bann,URBAN,291.0,54.446059,-6.376862
5016088,Fivemiletown Primary School,Fivemiletown,BT75 0QP,Controlled,Fermanagh And South Tyrone,RURAL,213.0,54.379165,-7.308689
5016098,"Brackenagh West Primary School, Kilkeel",Kilkeel,BT34 4QB,Controlled,South Down,RURAL,150.0,54.098937,-5.974795
5016117,Ballyoran Primary School,Portadown,BT62 1JY,Controlled,Upper Bann,URBAN,284.0,54.432812,-6.4525
5016138,"Bocombra Primary School, Portadown",Portadown,BT63 5SG,Controlled,Upper Bann,URBAN,359.0,54.430348,-6.408104
5016141,"Churchtown Primary School, Killybasky",Cookstown,BT80 9XA,Controlled,Mid Ulster,RURAL,50.0,54.685318,-6.743124
5016178,Donacloney Primary School,Donacloney,BT66 7LP,Controlled,Upper Bann,RURAL,222.0,54.419887,-6.258188
5016179,"Hamiltonsbawn Primary School, Armagh",Hamiltonsbawn,BT61 9SA,Controlled,Newry And Armagh,RURAL,109.0,54.343988,-6.543893
5016200,"Queen Elizabeth II Primary School, Pomeroy",Pomeroy,BT70 2RW,Controlled,Mid Ulster,RURAL,45.0,54.599411,-6.913408
5016221,"Orritor Primary School, Cookstown",Cookstown,BT80 9NE,Controlled,Mid Ulster,RURAL,222.0,54.658738,-6.822043
5016224,"Donaghey Primary School, Dungannon",Dungannon,BT71 4DA,Controlled,Mid Ulster,RURAL,105.0,54.585548,-6.746043
5016391,"Bush Primary School, Dungannon",Dungannon,BT71 6QU,Controlled,Mid Ulster,RURAL,205.0,54.519223,-6.727445
5016436,Markethill Primary School,Markethill,BT60 1RQ,Controlled,Newry And Armagh,RURAL,301.0,54.290793,-6.519739
5016451,"Windsor Hill Primary School, Newry",Newry,BT34 1DY,Controlled,Newry And Armagh,URBAN,205.0,54.180579,-6.332108
5016543,"Moyallon Primary School, Portadown",Portadown,BT63 5JY,Controlled,Upper Bann,RURAL,202.0,54.399498,-6.38865
5016599,"Fair Hill Primary School, Dromara",Dromara,BT25 2PJ,Controlled,Lagan Valley,RURAL,259.0,54.379512,-6.083477
5016612,"Bronte Primary School, Banbridge",Ballinaskeagh,BT32 5BL,Controlled,South Down,RURAL,186.0,54.264082,-6.239072
5016616,"Drumadonnell Primary School, Banbridge",Ballyroney,BT32 5EY,Controlled,South Down,RURAL,216.0,54.283604,-6.095336
5016643,Richmond Primary School,Ballygawley,BT70 2EZ,Controlled,Fermanagh And South Tyrone,RURAL,115.0,54.465845,-7.041288
5016658,Orchard County Primary School,Portadown,BT62 1NH,Controlled,Newry And Armagh,RURAL,175.0,54.465232,-6.612664
5016680,"Killyman Primary School, Dungannon",Moy,BT71 6RL,Controlled,Fermanagh And South Tyrone,RURAL,185.0,54.489921,-6.700763
5030958,"St John's Primary School, Eglish",Portadown,BT62 1NL,Catholic Maintained,Newry And Armagh,RURAL,93.0,54.458813,-6.564615
5030972,"St Oliver Plunkett Primary School, Forkhill",Forkhill,BT35 9SN,Catholic Maintained,Newry And Armagh,RURAL,142.0,54.082521,-6.452746
5030975,"St Malachy's Primary School, Ballymoyer",Whitecross,BT60 2LA,Catholic Maintained,Newry And Armagh,RURAL,69.0,54.216897,-6.518383
5031070,"St Michael's Primary School, Newtownhamilton",Newtownhamilton,BT35 0PB,Catholic Maintained,Newry And Armagh,RURAL,71.0,54.18973,-6.575995
5031080,"Clintyclay Primary School, Dungannon",Dungannon,BT71 6HX,Catholic Maintained,Fermanagh And South Tyrone,RURAL,96.0,54.478881,-6.640466
5031086,"Clonalig Primary School, Crossmaglen",Crossmaglen,BT35 9JE,Catholic Maintained,Newry And Armagh,RURAL,171.0,54.057183,-6.626516
5031088,"Dromintee Primary School, Newry",Newry,BT35 8TD,Catholic Maintained,Newry And Armagh,RURAL,160.0,54.088459,-6.41878
5031103,"Tannaghmore Primary School, Lurgan",Lurgan,BT67 9DY,Catholic Maintained,Upper Bann,URBAN,601.0,54.474816,-6.33245
5031107,"St Teresa's Primary School, Tullyherron",Mountnorris,BT60 2UF,Catholic Maintained,Newry And Armagh,RURAL,61.0,54.240271,-6.474888
5031108,"Clea Primary School, Keady",Keady,BT60 3QX,Catholic Maintained,Newry And Armagh,RURAL,116.0,54.227251,-6.712663
5031110,Armagh Christian Brothers Primary School,Armagh,BT60 4AB,Catholic Maintained,Newry And Armagh,URBAN,550.0,54.342137,-6.660192
5031126,"Mount St Catherine's Primary School, Armagh",Armagh,BT60 4BR,Catholic Maintained,Newry And Armagh,URBAN,151.0,54.34772,-6.661287
5031130,"St Moninna's Primary School, Cloughoge",Armagh,BT35 8NG,Catholic Maintained,Newry And Armagh,URBAN,462.0,54.161846,-6.356272
5031133,"St Malachy's Primary School, Armagh",Armagh,BT61 7EG,Catholic Maintained,Newry And Armagh,URBAN,191.0,54.346384,-6.655871
5031135,"St Oliver's Primary School, Carrickrovaddy",Cullyhanna,BT35 0QJ,Catholic Maintained,Newry And Armagh,RURAL,52.0,54.149697,-6.546116
5031138,"St Joseph's Primary School, Madden",Armagh,BT60 3LR,Catholic Maintained,Newry And Armagh,RURAL,177.0,54.286748,-6.740967
5031148,"St Patrick's Primary School, Crossmaglen",Crossmaglen,BT35 9JL,Catholic Maintained,Newry And Armagh,RURAL,493.0,54.079347,-6.609206
5031154,"St Michael's Primary School, Killean",Newry,BT35 8RX,Catholic Maintained,Newry And Armagh,RURAL,129.0,54.116605,-6.34046
5031158,"St Patrick's Primary School, Newry",Newry,BT35 6EX,Catholic Maintained,Newry And Armagh,URBAN,457.0,54.185338,-6.34817
5031160,"St Teresa's Primary School, Lurgan",Lurgan,BT67 9LQ,Catholic Maintained,Upper Bann,RURAL,184.0,54.482574,-6.321087
5031163,"St Brigid's Primary School, Glassdrummond",Crossmaglen,BT35 9DY,Catholic Maintained,Newry And Armagh,RURAL,189.0,54.072049,-6.535571
5031164,"St Mary's Primary School, Maghery",Maghery,BT71 6PA,Catholic Maintained,Upper Bann,RURAL,58.0,54.510463,-6.572161
5031166,"St Michael's Primary School, Clady",Armagh,BT60 2EP,Catholic Maintained,Newry And Armagh,RURAL,81.0,54.257872,-6.564915
5031168,"St Patrick's Primary School, Aghacommon",Lurgan,BT66 6LG,Catholic Maintained,Upper Bann,URBAN,228.0,54.469752,-6.38629
5031169,"St Brigid's Primary School, Drumilly",Belleek,BT35 7QL,Catholic Maintained,Newry And Armagh,RURAL,124.0,54.188883,-6.452039
5031172,"St Mary's Primary School, Granemore",Keady,BT60 2NJ,Catholic Maintained,Newry And Armagh,RURAL,206.0,54.252678,-6.65194
5031176,"St Peter's Primary School, Cloughreagh",Bessbrook,BT35 7DN,Catholic Maintained,Newry And Armagh,URBAN,363.0,54.19401,-6.386758
5031183,"St Patrick's Primary School, Armagh",Armagh,BT61 7NN,Catholic Maintained,Newry And Armagh,URBAN,402.0,54.361943,-6.657378
5031184,"St Anthony's Primary School, Craigavon",Craigavon,BT65 5BL,Catholic Maintained,Upper Bann,URBAN,690.0,54.450753,-6.368505
5031188,"St Joseph's Primary School, Meigh",Newry,BT35 8LA,Catholic Maintained,Newry And Armagh,RURAL,206.0,54.13816,-6.389405
5031318,"Killowen Primary School, Newry",Rostrevor,BT34 3AE,Catholic Maintained,South Down,RURAL,32.0,54.073538,-6.155954
5031340,"St Joseph's Convent Primary School, Newry",Newry,BT35 6AN,Catholic Maintained,Newry And Armagh,URBAN,489.0,54.178202,-6.339525
5031558,"Ballyholland Primary School, Newry",Newry,BT34 2ND,Catholic Maintained,South Down,RURAL,199.0,54.154125,-6.29348
5031589,Grange Primary School,Kilkeel,BT34 4LL,Catholic Maintained,South Down,RURAL,107.0,54.039218,-6.057497
5031609,"Carrick Primary School, Warrenpoint",Warrenpoint,BT34 3QA,Catholic Maintained,South Down,URBAN,381.0,54.133375,-6.25746
5031653,"St Matthew's Primary School, Magheramayo",Castlewellan,BT31 9AZ,Catholic Maintained,South Down,RURAL,89.0,54.268963,-6.00888
5031667,"St Patrick's Primary School, Magheralin",Magheralin,BT67 0QU,Catholic Maintained,Upper Bann,RURAL,115.0,54.467283,-6.277136
5031669,"St John's Primary School, Gilford",Gilford,BT63 6HH,Catholic Maintained,Upper Bann,RURAL,127.0,54.374592,-6.358616
5031694,"Holy Cross Primary School, Newry",Kilkeel,BT34 4HT,Catholic Maintained,South Down,RURAL,113.0,54.111795,-6.03823
5031695,"St Mary's Primary School, Barr",Lurganare,BT34 1SX,Catholic Maintained,Newry And Armagh,RURAL,153.0,54.231618,-6.339574
5031697,"St Patrick's Primary School, Mayobridge",Mayobridge,BT34 2EX,Catholic Maintained,South Down,RURAL,349.0,54.172562,-6.236087
5032208,"Ballylifford Primary School, Coagh",Coagh,BT80 0AY,Catholic Maintained,Mid Ulster,RURAL,77.0,54.669682,-6.547529
5032262,"Lissan Primary School, Cookstown",Cookstown,BT80 9XE,Catholic Maintained,Mid Ulster,RURAL,130.0,54.688843,-6.755607
5032306,"St Malachy's Primary School, Glencull",Ballygawley,BT70 2DB,Catholic Maintained,Fermanagh And South Tyrone,RURAL,110.0,54.477604,-7.068781
5032387,"Derrylatinee Primary School, Dungannon",Dungannon,BT70 1PS,Catholic Maintained,Fermanagh And South Tyrone,RURAL,101.0,54.450426,-6.84954
5032463,"Blessed Patrick O'Loughran Primary School, Dungannon",Dungannon,BT70 3NQ,Catholic Maintained,Fermanagh And South Tyrone,RURAL,109.0,54.506638,-6.829883
5032558,"Laghey Primary School, Dungannon",Dungannon,BT71 6RJ,Catholic Maintained,Fermanagh And South Tyrone,RURAL,91.0,54.493223,-6.688759
5032585,"Edendork Primary School, Dungannon",Dungannon,BT71 4DP,Catholic Maintained,Mid Ulster,RURAL,284.0,54.529539,-6.738864
5032591,"Roan St Patrick's Primary School, Eglish",Dungannon,BT70 1LE,Catholic Maintained,Fermanagh And South Tyrone,RURAL,179.0,54.453508,-6.797896
5032592,"St Mary's Primary School, Lisbuoy",Dungannon,BT70 3LH,Catholic Maintained,Mid Ulster,RURAL,77.0,54.5509,-6.78596
5032624,St MacCartan's Convent Primary School,Clogher,BT76 0HE,Catholic Maintained,Fermanagh And South Tyrone,RURAL,124.0,54.408656,-7.172544
5032678,"St Patrick's Primary School, Donaghmore",Donaghmore,BT70 3HG,Catholic Maintained,Mid Ulster,RURAL,219.0,54.533009,-6.816368
5032692,"St Mary's Primary School, Stewartstown",Stewartstown,BT71 5HT,Catholic Maintained,Mid Ulster,RURAL,92.0,54.57751,-6.678816
5032697,"St Patrick's Primary School, Aughadarragh",Augher,BT77 0ET,Catholic Maintained,Fermanagh And South Tyrone,RURAL,86.0,54.391605,-7.103474
5032698,"St Brigid's Primary School, Mountjoy",Mountjoy,BT71 5DY,Catholic Maintained,Mid Ulster,RURAL,121.0,54.558216,-6.603959
5032699,"St Mary's Primary School, Dunamore",Cookstown,BT80 9NT,Catholic Maintained,Mid Ulster,RURAL,180.0,54.672154,-6.936996
5032703,"St Peter's Primary School, Moortown",Cookstown,BT80 0HT,Catholic Maintained,Mid Ulster,RURAL,162.0,54.628994,-6.515733
5032713,"Derrychrin Primary School, Cookstown",Cookstown,BT80 0BX,Catholic Maintained,Mid Ulster,RURAL,164.0,54.655621,-6.563277
5032714,"Holy Family Primary School, Aughamullan",Dungannon,BT71 5DR,Catholic Maintained,Mid Ulster,RURAL,66.0,54.540383,-6.625118
5032715,"St John's Primary School, Moy",Moy,BT71 7SQ,Catholic Maintained,Fermanagh And South Tyrone,RURAL,205.0,54.44543,-6.696438
5032717,"St Patrick's Primary School, Mullinahoe",Dungannon,BT71 5AU,Catholic Maintained,Mid Ulster,RURAL,229.0,54.614163,-6.558268
5032729,"St John's Primary School, Kingsisland",Coalisland,BT71 4QN,Catholic Maintained,Mid Ulster,RURAL,221.0,54.52326,-6.625987
5032734,"St Mary's Primary School, Cabragh",Dungannon,BT70 3AN,Catholic Maintained,Fermanagh And South Tyrone,RURAL,216.0,54.491316,-6.923115
5032735,"St Mary's Primary School, Ballygawley",Ballygawley,BT70 2JH,Catholic Maintained,Fermanagh And South Tyrone,RURAL,138.0,54.470546,-7.030304
5032736,"St Mary's Primary School, Fivemiletown",Fivemiletown,BT75 0SA,Catholic Maintained,Fermanagh And South Tyrone,RURAL,49.0,54.373774,-7.325891
5033003,"St Paul's Primary School, Cabra",Cabra,BT34 5RH,Catholic Maintained,South Down,RURAL,95.0,54.225088,-6.091653
5033004,"St Mary's Primary School, Rathfriland",Rathfriland,BT34 5DQ,Catholic Maintained,South Down,RURAL,95.0,54.236355,-6.158009
5033006,"St Michael's Primary School, Finnis",Dromara,BT25 2EE,Catholic Maintained,Lagan Valley,RURAL,73.0,54.361572,-6.024079
5033011,"St Mary's Primary School, Dechomet",Castlewellan,BT31 9QE,Catholic Maintained,South Down,RURAL,85.0,54.304704,-6.075725
5033025,"St Patrick's Primary School, Ballymaghery",Hilltown,BT34 5UY,Catholic Maintained,South Down,RURAL,313.0,54.201049,-6.131519
5033324,"St Patrick's Primary School, Derrynaseer",Aghagallon,BT67 0AR,Catholic Maintained,Upper Bann,RURAL,91.0,54.50992,-6.292033
5036000,"St Colman's Primary School, Dromore",Dromore,BT25 1BD,Catholic Maintained,Lagan Valley,URBAN,107.0,54.416662,-6.147188
5036006,"St Mary's Primary School, Derrymore",Craigavon,BT67 0BW,Catholic Maintained,Upper Bann,RURAL,136.0,54.533881,-6.32927
5036009,"St Mary's Primary School, Derrytrasna",Lurgan,BT66 6NR,Catholic Maintained,Upper Bann,RURAL,99.0,54.502464,-6.462774
5036031,"St Patrick's Primary School, Loup",Coagh,BT45 7TS,Catholic Maintained,Mid Ulster,RURAL,158.0,54.696485,-6.597492
5036033,"St Joseph's Primary School, Galbally",Dungannon,BT70 2NX,Catholic Maintained,Mid Ulster,RURAL,216.0,54.541528,-6.898353
5036043,"St Mary's Primary School, Banbridge",Banbridge,BT32 3DJ,Catholic Maintained,Upper Bann,URBAN,516.0,54.351114,-6.276096
5036047,"St Patrick's Primary School, Annaghmore",Coalisland,BT71 4QZ,Catholic Maintained,Mid Ulster,RURAL,196.0,54.527787,-6.661099
5036057,"St Malachy's Primary School, Drummullan",Moneymore,BT45 7XR,Catholic Maintained,Mid Ulster,RURAL,51.0,54.652693,-6.663796
5036061,"St Colman's Primary School and All Saints NU, Annaclone",Annaclone,BT32 5LS,Catholic Maintained,South Down,RURAL,211.0,54.300222,-6.190122
5036064,"St Malachy's Primary School, Camlough",Camlough,BT35 7HF,Catholic Maintained,Newry And Armagh,RURAL,320.0,54.181298,-6.419359
5036087,"St Mary's Primary School, Mullaghbawn",Mullaghbawn,BT35 9TP,Catholic Maintained,Newry And Armagh,RURAL,307.0,54.108591,-6.476347
5036099,"St Patrick's Primary School, Cullyhanna",Cullyhanna,BT35 0PZ,Catholic Maintained,Newry And Armagh,RURAL,227.0,54.124708,-6.578272
5036101,"St Brendan's Primary School, Craigavon",Craigavon,BT65 5HS,Catholic Maintained,Upper Bann,URBAN,397.0,54.437648,-6.364741
5036108,"St Joseph's Primary School, Killeenan",Cookstown,BT80 9JB,Catholic Maintained,Mid Ulster,RURAL,88.0,54.646472,-6.878507
5036110,"St Joseph's Primary School, Bessbrook",Bessbrook,BT35 7AW,Catholic Maintained,Newry And Armagh,RURAL,373.0,54.196834,-6.404454
5036118,"St Mary's Primary School, Pomeroy",Pomeroy,BT70 2RD,Catholic Maintained,Mid Ulster,RURAL,189.0,54.594967,-6.933902
5036120,"St Patrick's Primary School, Moneymore",Moneymore,BT45 7NG,Catholic Maintained,Mid Ulster,RURAL,97.0,54.690036,-6.663531
5036121,"St Jarlath's Primary School, Blackwatertown",Moy,BT71 7HH,Catholic Maintained,Newry And Armagh,RURAL,168.0,54.414748,-6.697967
5036122,"Jonesborough Primary School, Newry",Jonesborough,BT35 8HR,Catholic Maintained,Newry And Armagh,RURAL,89.0,54.089508,-6.370841
5036130,"St Laurence O'Toole Primary School, Belleek",Beleek,BT35 7PH,Catholic Maintained,Newry And Armagh,RURAL,74.0,54.184426,-6.48733
5036136,"Sacred Heart Primary School, Dungannon",Dungannon,BT70 3JE,Catholic Maintained,Mid Ulster,RURAL,121.0,54.601068,-6.838394
5036173,"St John the Baptist Primary School, Portadown",Portadown,BT62 1EB,Catholic Maintained,Upper Bann,URBAN,472.0,54.43443,-6.461039
5036180,"St Oliver Plunkett Primary School, Ballyhegan",Loughgall,BT61 8PX,Catholic Maintained,Newry And Armagh,RURAL,133.0,54.40641,-6.566308
5036363,"St Mary's Primary School, Aughnacloy",Aughnacloy,BT69 6AJ,Catholic Maintained,Fermanagh And South Tyrone,RURAL,112.0,54.411067,-6.973058
5036400,"St Colman's Primary School, Bann",Gilford,BT63 6DU,Catholic Maintained,Upper Bann,RURAL,133.0,54.38468,-6.309062
5036409,"St Ronan's Primary School, Newry",Newry,BT34 1PR,Catholic Maintained,South Down,URBAN,419.0,54.187118,-6.327418
5036433,"St Malachy's Primary School, Carnagat",Newry,BT35 8PJ,Catholic Maintained,Newry And Armagh,URBAN,263.0,54.175243,-6.355649
5036457,"St Francis' Primary School, Aghaderg",Loughbrickland,BT32 3LN,Catholic Maintained,Upper Bann,RURAL,146.0,54.317647,-6.30917
5036463,"St Joseph's Primary School, Caledon",Caledon,BT68 4UF,Catholic Maintained,Fermanagh And South Tyrone,RURAL,29.0,54.351151,-6.838982
5036504,"St Patrick's Primary School, Dungannon",Dungannon,BT71 6DE,Catholic Maintained,Fermanagh And South Tyrone,URBAN,888.0,54.504123,-6.759607
5036545,"St Colman's Primary School, Kilkeel",Kilkeel,BT34 4DE,Catholic Maintained,South Down,URBAN,229.0,54.05884,-6.012273
5036567,"Holy Trinity Primary School, Cookstown",Cookstown,BT80 8AG,Catholic Maintained,Mid Ulster,URBAN,694.0,54.644326,-6.747549
5036572,"St Colman's Primary School, Saval",Newry,BT34 2LA,Catholic Maintained,South Down,RURAL,216.0,54.197561,-6.28792
5036583,"St Dallan's Primary School, Warrenpoint",Warrenpoint,BT34 3RP,Catholic Maintained,South Down,URBAN,475.0,54.1022,-6.246598
5036586,"Presentation Primary School, Portadown",Portadown,BT62 3AH,Catholic Maintained,Upper Bann,URBAN,299.0,54.418598,-6.442699
5036590,Primate Dixon Primary School,Coalisland,BT71 4NW,Catholic Maintained,Mid Ulster,URBAN,596.0,54.545939,-6.706926
5036595,"St Peter's Primary School, Collegelands",Moy,BT71 6SW,Catholic Maintained,Newry And Armagh,RURAL,143.0,54.434818,-6.66418
5036598,"Our Lady's Primary School, Tullysaran",Miltown,BT71 7NJ,Catholic Maintained,Newry And Armagh,RURAL,192.0,54.394017,-6.751154
5036605,"St Patrick's Primary School, Drumgreenagh",Rathfriland,BT34 5BT,Catholic Maintained,South Down,RURAL,83.0,54.233456,-6.202831
5036610,"St Francis of Assisi Primary School, Keady",Keady,BT60 3RW,Catholic Maintained,Newry And Armagh,RURAL,195.0,54.248931,-6.706817
5036622,"St John's Primary School, Middletown",Middletown,BT60 4HT,Catholic Maintained,Newry And Armagh,RURAL,186.0,54.28681,-6.835557
5036633,"St Francis' Primary School, Lurgan",Lurgan,BT66 6DN,Catholic Maintained,Upper Bann,URBAN,808.0,54.463861,-6.347934
5036634,"St Clare's Abbey Primary School, Newry",Newry,BT34 1HD,Catholic Maintained,Newry And Armagh,URBAN,503.0,54.174498,-6.334819
5036639,"Our Lady's & St Mochua's Primary School, Keady",Keady,BT60 3EZ,Catholic Maintained,Newry And Armagh,RURAL,175.0,54.228504,-6.775985
5036673,"St Bronagh's Primary School, Rostrevor",Rostrevor,BT34 3BB,Catholic Maintained,South Down,RURAL,213.0,54.102505,-6.194955
5036675,"St Joseph's and St James's Primary School, Poyntzpass",Poyntzpass,BT35 6SY,Catholic Maintained,Newry And Armagh,RURAL,110.0,54.294298,-6.374714
5036706,"St Columban's Primary School, Kilkeel",Kilkeel,BT34 4NL,Catholic Maintained,South Down,URBAN,225.0,54.072161,-5.982333
5046137,"Seagoe Primary School, Portadown",Portadown,BT63 5HS,Other Maintained,Upper Bann,URBAN,377.0,54.435637,-6.426393
5046241,"The Drelincourt, Church of Ireland, Armagh",Armagh,BT60 1EE,Other Maintained,Newry And Armagh,URBAN,9.0,54.34502,-6.636847
5046597,"Bunscoil an Iuir, Newry",Newry,BT34 2DH,Other Maintained,Newry And Armagh,URBAN,98.0,54.16941,-6.334671
5046637,"Gaelscoil Ui Neill , Dungannon",Coalisland,BT71 4PU,Other Maintained,Mid Ulster,RURAL,130.0,54.536519,-6.684853
5046692,"Gaelscoil na mBeann, Kilkeel",Kilkeel,BT34 4NL,Other Maintained,South Down,URBAN,94.0,54.072161,-5.982333
5046695,"Gaelscoil Aodha Rua, Dungannon",Dungannon,BT70 1HD,Other Maintained,Fermanagh And South Tyrone,URBAN,135.0,54.508629,-6.779495
5046699,Gaelscoil Eoghain,Cookstown,BT80 8QD,Other Maintained,Mid Ulster,URBAN,134.0,54.641027,-6.743902
5056013,"Kilbroney Integrated Primary School, Newry",Rostrevor,BT34 3EL,Controlled Integrated,South Down,RURAL,122.0,54.099592,-6.195387
5066540,"Bridge Integrated Primary School, Banbridge",Banbridge,BT32 3EL,GMI,Upper Bann,URBAN,413.0,54.347145,-6.280614
5066553,Portadown Integrated Primary School,Portadown,BT63 5RR,GMI,Upper Bann,URBAN,478.0,54.438126,-6.419532
5066554,"Windmill Integrated Primary School, Dungannon",Dungannon,BT71 7BE,GMI,Fermanagh And South Tyrone,URBAN,245.0,54.497259,-6.771916
5066578,Saints and Scholars Integrated Primary School,Armagh,BT61 9HG,GMI,Newry And Armagh,URBAN,316.0,54.354615,-6.628115
5066657,"Phoenix Integrated Primary School NU, Cookstown",Cookstown,BT80 8QF,GMI,Mid Ulster,URBAN,221.0,54.639542,-6.740169
5620263,Armagh Royal Preparatory Department,Armagh,BT61 9DG,Voluntary,Newry And Armagh,URBAN,30.0,54.353019,-6.649902
